FECHA;TIPO;CONTRATO ID;UNIDAD;OFICINA;USUARIO;ACTIVO;TECNICO;OBSERVACIONES
2026-08-24;LAPTOP;60003;SUBGERENCIA DE DIRECCION;COMPLEJO FGR;ESTHER MARIA MENA DIAZ;6266;150007;EQUIPO EN BUEN ESTADO
2026-08-20;LAPTOP;60003;ESPECIALIZADA CONTRA EL LAVADO DE ACTIVOS;COMPLEJO FGR;MARISOL RUANO SOLIS;7609;150009;EQUIPO EN BUEN ESTADO
2026-08-24;ESCANER;60003;ESPECIALIZADA EN DELITOS DE CORRUPCION ;COMPLEJO FGR;PAOLO ENRIQUE PERLA AMAYA;19933;150007;PRESENTO: RAYONES Y RESIDUOS DE PAPEL EN EL INTERIOR
2026-09-25;DESKTOP;60003;ACCESO A LA INFORMACION PUBLICA;COMPLEJO FGR;GLORIA ELIZABETH ALVAREZ ALVAREZ;31591;120005;EQUIPO EN BUEN ESTADO 
2026-09-18;LAPTOP;60003;REGISTRO Y CONTROL;COMPLEJO FGR;ANA CASTILLO;39201;60005;MANTENIMIENTO FINALIZADO CON EXITO. EL HARDWARE Y SISTEMA OPERATIVO FUNCIONAN DE MANERA FLUIDA.
2026-07-30;LAPTOP;60003;PENAL DEL ESTADO;COMPLEJO FGR;ANA CECILIA CARTAGENA;39284;150007;PRESENTO CASE CON RAYONES E BATERIA DAÑADA
2026-08-27;LAPTOP;60003;ELA;COMPLEJO FGR;DIEGO FERNANDO RAMOS FLORES ;39293;150009;EQUIPO EN BUEN ESTADO
2026-08-11;LAPTOP;60003;DELITOS RELATIVOS A LA VIDA E INTEGRIDAD FÍSICA ;COMPLEJO FGR;KATHERINE SARAI ABREGO HERNÁNDEZ ;40712;150008;PRESENTÓ DAÑADA (RAYONES)  LA CARCASA EXTERNA DEL EQUIPO 
2026-07-28;LAPTOP;60003;DELITO DE MEDIO AMBIENTE;COMPLEJO FGR;JORGE ENRIQUE GARCIA RENDEROS;40759;150008;PRESENTO CASE FLOJO POR DAÑO EN PESTAÑAS DE PRESION, FALTA 1 TORNILLO DE BATERIA
2026-08-21;LAPTOP;60003;DEPARTAMENTO MANTENIMIENTO;COMPLEJO FGR;ALEXANDER ROBERTO FLORES;40763;150008;EQUIPO EN BUEN ESTADO
2026-09-07;ESCANER;60003;SUBGERENCIA DE CONTABILIDAD;COMPLEJO FGR;OSCAR ERNESTO CHAVEZ;40846;150006;PRESENTO GOMAS DEL RODILLO SUPERIOR LISAS
2026-09-21;ESCANER;60003;SUGERENCIA DE REGISTROS CONTROL DE PERSONAL ;COMPLEJO FGR;VANESSA GONZÁLEZ ;40865;150009;EQUIPO EN BUEN ESTADO 
2026-08-24;ESCANER;60003;ESPECIALIZADA DE DELITOS DE CORRUPCION;COMPLEJO FGR;JOSE RICARDO LOPEZ;40867;150006;EQUIPO EN BUEN ESTADO
2026-08-24;DESKTOP;60003;REPRODUCCIONES;COMPLEJO FGR;SENEYDA YANETH TOBAR CHACON;41172;150008;EQUIPO EN BUEN ESTADO
2026-08-21;DESKTOP;60003;ACTIVO FIJO;COMPLEJO FGR;DIANA LISBETH HERNANDEZ RAMOS;41357;150007;EQUIPO EN BUEN ESTADO
2026-09-17;DESKTOP;60003;DEPARTAMENTO DE METODOS DE CONTROL DE PERSONAL;COMPLEJO FGR;ESTEFFY LIDISCETH HENRIQUEZ DINARTE;41403;150008;EQUIPO EN BUEN ESTADO 
2026-08-21;DESKTOP;60003;GESTION DE CONTRATOS DE SERVICIOS;COMPLEJO FGR;MARIA DE LA CRUZ SARAVIA OLIVA;41416;150005;EQUIPO EN BUEN ESTADO
2026-09-21;DESKTOP;60003;GERENCIA DE RECURSOS HUMANOS ;COMPLEJO FGR;ANA CORINA ASCENCIO DE SANCHEZ;41419;150006;EQUIPO EN BUEN ESTADO 
2026-08-13;DESKTOP;60003;UAEMNA;COMPLEJO FGR;KARLA MACIEL CAMPOS DE AVEDARIO;41438;150008;EQUIPO EN BUEN ESTADO
2026-08-27;DESKTOP;60003;NARCOTRAFICO;COMPLEJO FGR;GABRIERLA ESTER CORDOBA;41441;150009;EQUIPO EN BUEN ESTADO
2026-09-17;DESKTOP;60003;DEPARTAMENTO DE METODOS DE CONTROL DE PERSONAL;COMPLEJO FGR;JONATHAN JOSUE FLORES AVALOS;41445;150008;EQUIPO EN BUEN ESTADO 
2026-08-24;DESKTOP;60003;ACTIVO FIJO;COMPLEJO FGR;JOSE MIGUEL LOPEZ SANTOS;41449;150007;EQUIPO EN BUEN ESTADO
2026-08-11;DESKTOP;60003;DELITOS RELATIVOS A LA VIDA E INTEGRIDAD FÍSICA ;COMPLEJO FGR;SANTOS RUBENIA DURÁN GARCÍA ;41450;150007;PRESENTÓ CLIPS EN EL INTERIOR DEL TECLADO EXTERNO. 
2026-09-18;DESKTOP;60003;PATRIMONIO;COMPLEJO FGR;TERESA FLORES;41452;60005;EL EQUIPO SE ENTREGA EN ESTADO PLENAMENTE OPERATIVO. NO SE OBSERVARON COMPORTAMIENTOS INUSUALES DURANTE LAS PRUEBAS.
2026-07-31;DESKTOP;60003;PENAL DEL ESTADO;COMPLEJO FGR;SANDRA GUADALUPE LOPEZ SEGOVIA;41453;150008;PRESENTO FALTA DE ANTENA DE WIFI
2026-09-10;DESKTOP;60003;PENAL JUVENIL ;COMPLEJO FGR;PATRICIA GONZÁLEZ QUIJANO;41456;150009;EQUIPO EN BUEN ESTADO 
2026-07-27;DESKTOP;60003;DELITOS DE ADMINISTRACION DE JUSTICIA ;COMPLEJO FGR;DELMY FLORES;41458;150007;PRESENTO FALLA EN UN SLOT DE RAM, SE REALIZO UN CAMBIO DE TARJETAS A UNA 1 DE 8 RAM EN UN SOLO SLOT
2026-09-21;DESKTOP;60003;GERENCIA DE RECURSOS HUMANOS ;COMPLEJO FGR;DIANA CAROLINA CORTEZ DE LOPEZ ;41459;150008;EL MONITOR PRESENTO EN SU BASE DAÑOS EN EL SOPORTE (PIEZA FALTANTE) USUARIO YA INFORMO AL AREA DE TECNOLOGIA 
2026-08-12;DESKTOP;60003;DELITOS RELATIVOS A LA VIDA E INTEGRIDAD FISICA;COMPLEJO FGR;MARGOTH GUZMÁN REYES;41463;150006;EQUIPO EN BUEN ESTADO
2026-09-17;DESKTOP;60003;SUBGERENCIA DE REGISTRO Y CONTROL DE PERSONAL;COMPLEJO FGR;MARIA BEATRIZ DEL CARMEN;41466;150007;PRESENTO ANTENA QUEBRADA
2026-09-21;DESKTOP;60003;DEPARTAMENTO METODO CONTROL DE PERSONAL;COMPLEJO FGR;CRISTIAN MEJIA;41470;150006;EQUIPO EN BUEN ESTADO 
2026-07-27;LAPTOP;60003;DELITOS DE ADMINISTRACION DE JUSTICIA;COMPLEJO FGR;MARLON ARMANDO RIVAS GOMEZ;42698;150008;PRESENTO ESQUINA DAÑADA QUEBRADA
2026-09-21;LAPTOP;60003;FISCAL DE PENAL JUVENIL;COMPLEJO FGR;JAIME ARISTIDES HERNANDEZ;42727;150007;PRESENTO RAYONES EN CASE 
2026-09-16;LAPTOP;60003;DELITOS DE PATRIMONIO PRIVADO Y PROPIEDAD INTELECTUAL;COMPLEJO FGR;CINDY PAOLA MELENDEZ VARGAS;42739;150005;"EQUIPO EN BUEN ESTADO
"
2026-09-17;LAPTOP;60003;PATRIMONIO PRIVADO Y PROPIEDAD INTELECTUAL;COMPLEJO FGR;ROSA ELIZABETH MONTOYA BONILLA;42746;150007;PRESENTO LA TECLA T SUELTA Y BATERIA INFLADA
2026-09-09;LAPTOP;60003;VIGILANCIA PENITENCIARIA;COMPLEJO FGR;GUILLERMO LOPEZ;42757;150006;EQUIPO EN BUEN ESTADO
2026-09-17;LAPTOP;60003;PATRIMONIO PRIVADO Y PROPIEDAD INTELECTUAL;COMPLEJO FGR;MARIA DE LOS ANGELES;42794;150007;PRESENTO BORDE EN EL CASE DEL MONITOR ABIERTO, USUARIO INFORMA QUE EL EQUIPO CALENTABA HACE TIEMPO 
2026-08-24;LAPTOP;60003;SECCION DE INTENDENCIA;COMPLEJO FGR;GUSTAVO DIAZ;42797;150005;PRESENTO: FALTA DE TORNILLO EN CARCASA EXTERNA
2026-08-11;LAPTOP;60003;DELITOS RELATIVOS A LA VIDA E INTEGRIDAD FÍSICA ;COMPLEJO FGR;CARMEN GISEL CASTELLANOS ALVARADO ;42810;150009;EL EQUIPO NO PRESENTABA BATERÍA, SE REQUIERE AGREGARLE UNA. 
2026-08-11;LAPTOP;60003;DELITOS RELATIVOS A LA VIDA E INTEGRIDAD FÍSICA ;COMPLEJO FGR;MOISÉS RAMÓN OSORIO HERRERA ;42811;150008;PRESENTÓ DETALLE DE BATERÍA AL INICIAR SESIÓN, PARTE INFERIOR DE CASE DAÑADA. 
2026-09-11;LAPTOP;60003;DELITOS RELATIVOS A LA VIDA E INTEGRIDAD FÍSICA ;COMPLEJO FGR;IRIS DOLORES VANESSA LÓPEZ VALLADARES ;42813;150005;PRESENTÓ RETIRO DE BATERÍA 
2026-08-11;LAPTOP;60003;DELITOS RELATIVOS A LA VIDA E INTEGRIDAD FÍSICA ;COMPLEJO FGR;CARLOS ERNESTO GUZMÁN MARROQUIN ;42814;150005;EQUIPO EN BUEN ESTADO, FALTA TORNILLO DE CASE 
2026-07-28;LAPTOP;60003;DELITOS DE ADMINISTRACION DE LA JUSTICIA;COMPLEJO FGR;DALILA ALEJANDRA GUARDADO MOZ;42848;150006;EQUIPO EN BUEN ESTADO
2026-08-11;LAPTOP;60003;DELITOS RELATIVOS A LA VIDA E INTEGRIDAD FÍSICA ;COMPLEJO FGR;IRIS DOLORES VANESSA LÓPEZ VALLADARES ;42849;150009;"PRESENTÓ RETIRO DE BATERÍA 
"
2026-08-11;LAPTOP;60003;DELITOS RELATIVOS A LA VIDA E INTEGRIDAD FÍSICA ;COMPLEJO FGR;JURG AUDRE RIVERA FUENTES;42850;150006;EQUIPO EN BUEN ESTADO, TORNILLO FALTANTE DE CASE 
2026-08-13;LAPTOP;60003;DELITOS RELATIVOS A LA VIDA E INTEGRIDAD FISICA;COMPLEJO FGR;AUD IELIEL GRIJALVA GARCIA;42852;150006;PRESENTO BATERIA CMOS CON 0V, NO POSEIA BATERIA 
2026-08-24;LAPTOP;60003;SECCION INTENDENCIA;COMPLEJO FGR;LUIZ AGUSTIN PALACIO;42853;150008;EQUIPO EN BUEN ESTADO
2026-08-12;LAPTOP;60003;;COMPLEJO FGR;MARGOTH GÚZMAN REYES;42854;150005;"BATERIA INTERNA DESGASTADA
TECLA EN MAL ESTADO (TECLA ""N"" DEL TECLADO)"
2026-09-09;LAPTOP;60003;VIGILANCIA PENITENCIARIA;COMPLEJO FGR;RAQUEL NOEMI SOSA DE MOZA;42882;150009;EQUIPO EN BUEN ESTADO
2026-07-30;LAPTOP;60003;PENAL DEL ESTADO;COMPLEJO FGR;MARIELOS ESTER HERNANDEZ;42912;150005;PRESENTO RAYONES EN CASE Y BATERIA DAÑADA
2026-09-11;LAPTOP;60003;PENAL DE ESTADO;COMPLEJO FGR;BORIS IVAN ENRIQUE GALVEZ PINEDA;42915;150006;EQUIPO EN BUEN ESTADO 
2026-07-31;LAPTOP;60003;CONTROL DE BIENES DEL ESTADO;COMPLEJO FGR;YESENIA IVETTE CRUZ FLORES;42922;150009;PRESENTO FALTA DE MULTIPLES TORNILLOS EXTERIORES E INTERNOS
2026-08-13;LAPTOP;60003;UAEMNA;COMPLEJO FGR;INGRID LILETH SANCHEZ OLIVA;42923;150009;EQUIPO EN BUEN ESTADO
2026-07-31;LAPTOP;60003;CONTROL DE BIENES DEL ESTADO;COMPLEJO FGR;;42940;150006;PRESENTO FALTA DE TORNILLO EN CASE E BATERIA DAÑADA
2026-07-31;LAPTOP;60003;CONTROL DE BIENES DEL ESTADO;COMPLEJO FGR;KAREN MARISOL GARCIA;42941;150007;PRESENTO FALTA DE MULTIPLES TORNILLOS, RAYONES EN CASE E FALTA DE 1 GOMA DE SOPORTE
2026-07-31;LAPTOP;60003;CONTROL DE BIENES DEL ESTADO;COMPLEJO FGR;MANUEL EDGARDO HERNANDEZ ;42953;150007;PRESENTO RAYONES EN MONITOR
2026-09-18;LAPTOP;60003;DEPARTAMENTO DE PRESTACIONES Y BENEFICIOS ;COMPLEJO FGR;CARDENAS CARRANZA ;42994;150009;EQUIPO EN BUEN ESTADO 
2026-09-10;LAPTOP;60003;SOLUCIÓN TEMPRANA ;COMPLEJO FGR;MANUEL DE JESÚS ROSA MARTINEZ;43010;150009;EQUIPO EN BUEN ESTADO 
2026-08-12;LAPTOP;60003;FEMINICIDIO;COMPLEJO FGR;KARLA FERNANDA RAMIREZ LOPEZ ;43011;150007;EQUIPO EN BUEN ESTADO
2026-08-12;LAPTOP;60003;UAEMNA ;COMPLEJO FGR;KARINA NOHEMY GUZMÁN ;43012;150009;EQUIPO EN BUEN ESTADO 
2026-08-17;LAPTOP;60003;ESPECIALIZADA PARA MUJER,NIÑEZ Y ADOLESCENCIA;COMPLEJO FGR;BITIA CATANIA HERNANDEZ SORTO;43014;150009;
2026-09-18;LAPTOP;60003;PENAL JUVENIL;COMPLEJO FGR;BALMORE TREJO;43017;150007;PRESENTO RAYONES EN CARCASA, LEVE RAYON EN PANTALLA 
2026-07-30;LAPTOP;60003;PENAL DEL ESTADO;COMPLEJO FGR;JONATHAN ALEXANDER FIGUEROA ;43018;150009;PRESENTO FALTA DE SOPORTE DE TECLADO Y FALTA DE TORNILLO EN CASE
2026-09-10;LAPTOP;60003;PENAL JUVENIL;COMPLEJO FGR;ERNESTO APARICIO;43019;150006;EQUIPO EN BUEN ESTADO
2026-09-23;LAPTOP;60003;SOLUCIÓN TEMPRANA ;COMPLEJO FGR;HELEN QUINTANILLA;43029;150009;EQUIPO EN BUEN ESTADO 
2026-09-16;LAPTOP;60003;SOLUCION TEMPRANA;COMPLEJO FGR;INGRID MARTINEZ;43030;150005;PRESENTO: FALTA TORNILLOS EN CASE EXTERNO, NO POSEE BATERIA
2026-09-10;LAPTOP;60003;SOLUCION TEMPRANA;COMPLEJO FGR;MARIA CRISTINA JOVEL DE RODRIGUEZ;43032;150007;PRESENTO RAYONES EN CARCASA, FALTA TORNILLOS EN SOPORTES TRASEROS
2026-09-16;LAPTOP;60003;SOLUCION TEMPRANA;COMPLEJO FGR;GERARDO JAVIER ALEMAN LARA;43033;150008;BATERIA INTERNA CON ALTERACION (SOPLADA) SE INFORMO AL DEP. DE INFORMATICA Y DETERMINARON QUE NO SE REMOVIERA.
2026-09-16;LAPTOP;60003;PENAL JUVENIL;COMPLEJO FGR;BALMORE ULISES FIGUEROA;43034;150007;PRESENTO RAYONES EN CASE
2026-09-16;LAPTOP;60003;SOLUCIÓN TEMPRANA;COMPLEJO FGR;GABRIELA ISABELLA MARTÍNEZ GUATEMALA ;43035;150009;EQUIPO EN BUEN ESTADO 
2026-09-10;LAPTOP;60003;SOLUCION TEMPRANA;COMPLEJO FGR;RICARDO ANTONIO ORTIZ SANCHEZ;43036;150006;PRESENTO BATERIA CMOS 0.00V , EQUIPO EN BUEN ESTADO 
2026-09-11;LAPTOP;60003;CIVIL;COMPLEJO FGR;KATTHY LORENA BOLAÑOS CEA;43048;150005;PRESENTO: FALTA DE TORNILLO EN CASE EXTERNA DE LA LAPTOP
2026-07-27;LAPTOP;60003;DELITOS DE ADMINISTRACION DE JUSTICIA;COMPLEJO FGR;REINA GUADALUPE CASTILLO RUIZ;43049;150009;PRESENTO DAÑOS EN BATERIA 
2026-07-29;LAPTOP;60003;CIVIL;COMPLEJO FGR;BENJAMIN ERNESTO JOSE RIVAS SERMENTO;43052;150006;PRESENTO RAYANES 
2026-07-29;LAPTOP;60003;CIVIL;COMPLEJO FGR;CHRISTOPHER ALEJANDRO CORTEZ TULIA;43054;150008;PRESENTO FALTA DE TORNILLO EN CASE
2026-07-28;LAPTOP;60003;CUENTAS Y MULTAS;COMPLEJO FGR;JENNIFER ARIAS;43056;150005;PRESENTO BATERIA DAÑADA (AGRIETADA), FALTA 1 TORNILLO DEL VENTILADOR DEL DISIPADOR
2026-07-28;LAPTOP;60003;CUENTAS Y MULTAS;COMPLEJO FGR;VERONICA GEORGE;43059;150008;PRESENTO FALTA DE UN TORNILLO DE CASE
2026-07-28;LAPTOP;60003;CUENTAS Y MULTAS;COMPLEJO FGR;MARIA DE LOS ANGELES LEMUS DE ALVARADO;43067;150009;EQUIPO EN BUEN ESTADO
2026-07-28;LAPTOP;60003;CUENTAS Y MULTAS;COMPLEJO FGR;HENRY FRANCISCO PORTILLO;43068;150009;PRESENTO FALTA DE 1 TORNILLO EN CASE 
2026-07-28;LAPTOP;60003;CUENTAS Y MULTAS;COMPLEJO FGR;SANDRA PALACIOS;43069;150007;PRESENTO DAÑO EN PIN QUE VA CONECTADO A TARJETA DE WIFI Y NO SE ENCONTRO BATERIA 
2026-07-28;LAPTOP;60003;CUENTAS Y MULTAS;COMPLEJO FGR;ANA GUADALUPE ARGUETA DE LOPEZ;43071;150009;PRESENTO FALTA DE TORNILLOS EN DIFERENTES PARTE DEL EQUIPO
2026-07-28;LAPTOP;60003;CUENTAS Y MULTAS;COMPLEJO FGR;KENIA CUBIAS;43072;150008;PRESENTO BASES DE TORNILLOS DE VENTILADOR Y BATERIA QUEBRADOS
2026-07-29;LAPTOP;60003;CUENTAS Y MULTAS;COMPLEJO FGR;CLAUDIA GUADALUPE;43073;150009;PRESENTO FALTA DE TORNILLOS EN CASE EXTERNO E INTERNO
2026-07-28;LAPTOP;60003;DELITOS DE ADMINISTRACION DE JUSTICIA;COMPLEJO FGR;ALAVARO HARS ARDON;43076;150005;PRESENTO RAYONES EN CASE
2026-07-28;LAPTOP;60003;DELITOS DE ADMINISTRACION DE JUSTICIA;COMPLEJO FGR;MANUEL ESPINOZA;43077;150008;PRESENTO FALTA DE TORNILLO EN CASE
2026-09-14;LAPTOP;60003;DELITOS DE ADMINISTRACIÓN DE JUSTICIA ;COMPLEJO FGR;AMILCAR AYALA;43079;150009;EQUIPO EN BUEN ESTADO
2026-09-10;LAPTOP;60003;SOLUCION TEMPRANA;COMPLEJO FGR;DELMY ABIGAIL ESCOBAR;43080;150007;PRESENTO RAYONES EN CARCASA, FALTA 1 SOPORTE EN TECLADO
2026-07-28;LAPTOP;60003;CUENTAS Y MULTAS;COMPLEJO FGR;LUZ DE MARIA IRAHETA JOACHIN;43084;150005;PRESENTO ENTRE CASE DE BASE UNA PUNTA DE JUEGO DE DESTORNILLADOR 
2026-07-28;LAPTOP;60003;CUENTAS Y MULTAS;COMPLEJO FGR;JENNY DEL CARMEN ALAS DE MORENO;43086;150006;EQUIPO EN BUEN ESTADO
2026-09-09;LAPTOP;60003;VIGILANCIA PENITENCIARIA;COMPLEJO FGR;BEXCI MANSELA ORELLANA;43088;150009;EQUIPO EN BUEN ESTADO
2026-09-09;LAPTOP;60003;VIGILANCIA PENITENCIARIA ;COMPLEJO FGR;WALTER ALEXANDER MALDONADO ;43090;150007;PRESENTO RAYONES EN LA CARCASA , NO POSEE BATERIA
2026-09-09;LAPTOP;60003;VIGILANCIA PENITENCIARIA ;COMPLEJO FGR;DAYSI CAROLINA ALVARENGA;43092;150009;EQUIPO EN BUEN ESTADO 
2026-08-25;ESCANER;60003;INVESTIGACION ESPECIALES;COMPLEJO FGR;EMERSON ALEXANDER GUDIEL MAGAÑA;44284;150006;EQUIPO EN BUEN ESTADO
2026-08-26;ESCANER;60003;PENAL DEL ESTADO;COMPLEJO FGR;HERBERT ANTONIO HERNANDEZ;44287;150009;EQUIPO EN BUEN ESTADO
2026-08-25;ESCANER;60003;LAVADO DE ACTIVOS;COMPLEJO FGR;ELENA ARRIOLA;44305;150009;EQUIPO EN BUEN ESTADO
2026-09-21;ESCANER;60003;DEPARTAMENTO DE SELECCIÓN DE PERSONAL ;COMPLEJO FGR;DAVID ERNESTO ALVERENGA ;44319;150009;EQUIPO EN BUEN ESTADO 
2026-08-26;ESCANER;60003;FISCALIA ADJUNTA CONTRA LA DELINCUENCIA ECONOMICA;COMPLEJO FGR;MAYRA BEATRIZ SANTOS DE JUAREZ;44327;150008;EQUIPO EN BUEN ESTADO.
2026-09-07;ESCANER;60003;SUB. GERENCIA DE TESORERÍA ;COMPLEJO FGR;DALILA EMPERATRIZ HERNÁNDEZ ;44329;150009;SE REQUIERE CAMBIO DE GOMAS Y SUJETAPAPELES INTERNO
2026-09-28;LAPTOP;60003;AUDITORIA FISCAL;COMPLEJO FGR;OSCAR ARMANDO MOLINA;44923;150007;PRESENTO LEVE RAYON EN MONITOR, RAYONES EN CASE
2026-08-24;LAPTOP;60003;SECCION DE INTENDENCIA;COMPLEJO FGR;GUSTAVO DIAZ;44937;150009;PRESENTO: BATERIA DESGASTADA
2026-09-28;LAPTOP;60003;ADJUNTA PARA ASUNTOS INTERNACIONALES;COMPLEJO FGR;GUSTAVO ALFREDO VASQUEZ ROMERO ;44939;120005;EQUIPO PRESENTÓ BATERÍA INFLADA
2026-09-24;LAPTOP;60003;FISCAL DE CORTE SUPREMA DE JUSTICIA;COMPLEJO FGR;RAQUEL ESPERANZA GOMEZ;44941;150007;PRESENTO: RAYONES EN CASE
2026-09-21;LAPTOP;60003;GERENCIA DE RECURSOS HUMANOS;COMPLEJO FGR;GABRIEL ANGEL SALMERON HERNANDEZ;44946;90005;EL EQUIPO SE ENTREGA AL USUARIO EN ÓPTIMAS CONDICIONES DE LIMPIEZA Y EN FUNCIONAMIENTO.
2026-08-26;LAPTOP;60003;UECLA;COMPLEJO FGR;CARLOS FERNANDO AYALA;44958;150007;PRESENTO EN CARCASA DEL EQUIPO RAYONES Y NO ES VISIBLE EL ACTIVO FIJO.
2026-07-29;LAPTOP;60003;IMPUESTOS;COMPLEJO FGR;JOSE AVELAR;44991;150005;EQUIPO EN BUEN ESTADO
2026-09-21;LAPTOP;60003;PATRIMONIO PRIVADO Y PROPIEDAD INTELECTUAL;COMPLEJO FGR;CLAUDIA CAROLINA CLEMENTE CABEZAS ;45005;150006;EQUIPO EN BUEN ESTADO 
2026-09-23;LAPTOP;60003;PATRIMONIO PRIVADO Y PROPIEDAD INTELECTUAL ;COMPLEJO FGR;KHATERINE TATIANA CRUZ ALAS;45024;150009;EQUIPO EN BUEN ESTADO 
2026-07-29;LAPTOP;60003;IMPUESTOS;COMPLEJO FGR;BEATRIZ TEJADA;45040;150009;PRESENTO DAÑOS EN PANTALLA, EN CASE DE RECUBRIMIENTO DE LA MISMA E NECESITA CAMBIO DE BATERIA DAÑADA
2026-09-09;LAPTOP;60003;VIGILANCIA PENITENCIARIA;COMPLEJO FGR;ALEJANDRO MATAMOROS;45042;150006;PRESENTO PIXEL DAÑADO EN EL MONITOR DEL EQUIPO, BATERIA INFLADA DEL EQUIPO
2026-07-29;LAPTOP;60003;IMPUESTOS;COMPLEJO FGR;SILVIA BEATRIZ ARGUETA DE SIBRION;45045;150008;PRESENTO UN TORNILLO BARRIDO NO SE VOLVIO A COLOCAR
2026-08-12;LAPTOP;60003;UAEMNA ;COMPLEJO FGR;EVELYN SOFÍA ARÉVALO GUEVARA ;45050;150008;SE RETIRÓ BATERÍA INTERNA (INFLADA)
2026-09-09;LAPTOP;60003;VIGILANCIA PENITENCIARIA;COMPLEJO FGR;PATRICIA CAROLINA ROSALES DE RODRIGUEZ;45095;150007;EQUIPO EN BUEN ESTADO
2026-09-29;LAPTOP;60003;DELITOS RELATIVOS A LA VIDA E INTEGRIDAD FÍSICA ;COMPLEJO FGR;FELIX SAFIE;45989;150009;EQUIPO EN BUEN ESTADO 
2026-08-11;DESKTOP;60003;GERENCIA DE INNOVACIÓN Y TECNOLOGÍA ;COMPLEJO FGR;JUAN DAVID MORAN TORRES ;46018;150005;EQUIPO EN BUEN ESTADO 
2026-08-10;DESKTOP;60003;GERENCIA DE INNOVACION Y TECNOLOGIA;COMPLEJO FGR;HECTOR EDMUNDO GONZALEZ MAGAÑA;46020;150008;EQUIPO EN BUEN ESTADO
2026-08-13;DESKTOP;60003;PRENSA;COMPLEJO FGR;EDUARDO ENRIQUE DIAZ;46072;150008;EQUIPO EN BUEN ESTADO, LIMPIEZA EXTERNA
2026-08-13;DESKTOP;60003;PRENSA;COMPLEJO FGR;JOSE ALEJANDRO MEJOA CERNA;46073;150006;EQUIPO EN BUEN ESTADO, LIMPIEZA EXTERNA
2026-07-29;DESKTOP;60003;INTERES DEL ESTADO;COMPLEJO FGR;CESAR FRANCISCO BURGOZ;48421;150007;PRESENTO BASE DE MONITOR RAYADA
2026-09-28;DESKTOP;60003;AUDITORIA FISCAL ;COMPLEJO FGR;ANA LILY MARAVILLA DE GARCÍA ;48424;150009;EQUIPO EN BUEN ESTADO 
2026-09-17;DESKTOP;60003;PATRIMONIO PRIVADO Y PROPIEDAD INTELECTUAL;COMPLEJO FGR;SONIA ELIZABETH ORELLANA MARTÍNEZ ;48425;150009;EQUIPO EN BUEN ESTADO 
2026-08-27;DESKTOP;60003;TRATA DE PERSONAS;COMPLEJO FGR;ESTHER SERRANO SALGUERO;48430;150005;EQUIPO EN BUEN ESTADO
2026-08-31;DESKTOP;60003;GERENCIA GENERAL;COMPLEJO FGR;DAYRIN GERALDINA QUINTANILLA LUNA;48454;150006;EQUIPO EN BUEN ESTADO
2026-08-24;DESKTOP;60003;;COMPLEJO FGR;MARIA REBECA MORENO ROMERO;48486;150006;PRESENTO: CAMBIO DE BATERIA CMOS
2026-08-13;DESKTOP;60003;TRANSPORTE;COMPLEJO FGR;WENDY EUNICE WOLMERS;48505;150007;EQUIPO EN BUEN ESTADO 
2026-08-24;DESKTOP;60003;ACTIVO FIJO;COMPLEJO FGR;JOSE MIGUEL LOPEZ SANTOS;48532;150008;EQUIPO EN BUEN ESTADO
2026-08-20;DESKTOP;60003;ACTIVO FIJO;COMPLEJO FGR;;48533;150007;PRESENTO ANTENA DE WIFI QUEBRADA
2026-09-16;DESKTOP;60003;VIGILANCIA PENITENCIARIA;COMPLEJO FGR;SHARONE TRUJILLO ;48536;150009;EQUIPO EN BUEN ESTADO 
2026-08-17;DESKTOP;60003;ESPECIALIZADA DELITO DE CORRUPCION;COMPLEJO FGR;SALVADOR POLANCO ;48537;150006;EQUIPO EN BUEN ESTADO
2026-09-17;DESKTOP;60003;DEPARTAMENTO DE METODOS DE CONTROL DE PERSONAL;COMPLEJO FGR;ANDREA ULLOA;48541;90005;EL EQUIPO SE ENTREGA AL USUARIO EN ÓPTIMAS CONDICIONES DE LIMPIEZA Y EN FUNCIONAMIENTO.
2026-09-25;DESKTOP;60003;CONTRATO DEL ESATADO ;COMPLEJO FGR;ROCIO FUENTES;48548;150006;EQUIPO EN BUEN ESTADO 
2026-09-22;DESKTOP;60003;SECCION DE CORRESPONDENCIA;COMPLEJO FGR;CARLOS ALBERTO RIVERA REYES;48553;150008;EQUIPO EN BUEN ESTAD
2026-09-21;DESKTOP;60003;DEPARTAMENTO DE METODOS DE CONTROL DE PERSONAL;COMPLEJO FGR;CHRISTIAN MEJIA;48555;90005;EL EQUIPO SE ENTREGA AL USUARIO EN ÓPTIMAS CONDICIONES DE LIMPIEZA Y EN FUNCIONAMIENTO.
2026-08-14;DESKTOP;60003;DEPARTAMENTO DE TRANSPORTE ;COMPLEJO FGR;ROLANDO JOSUÉ LÓPEZ PÉREZ ;48559;150006;EQUIPO EN BUEN ESTADO
2026-08-14;DESKTOP;60003;DEPARTAMENTO DE TRANSPORTE ;COMPLEJO FGR;NANDO EFRAIN PÉREZ ;48562;150006;PRESENTO: EXCESO PASTA TÉRMICA, CAMBIO BATERÍA CMOS, SOPORTE BASE DEL TECLADO DAÑADO
2026-08-14;DESKTOP;60003;DEPARTAMENTO DE TRANSPORTE ;COMPLEJO FGR;JOSE ADALBERTO PEREZ;48566;150008;PRESENTO: CAMBIO DE BATERIA CMOS
2026-08-14;DESKTOP;60003;DEPARTAMENTO DE TRANSPORTE ;COMPLEJO FGR;ZULMA VERÓNICA ANAYA COREA;48568;150007;EQUIPO EN BUEN ESTADO
2026-07-29;DESKTOP;60003;DELITO DE MEDIO AMBIENTE;COMPLEJO FGR;BLANCA ZELAYA;48575;150007;EQUIPO EN BUEN ESTADO
2026-09-01;DESKTOP;60003;PENDIENTE;COMPLEJO FGR;SARA BEATRIZ VELAZQUEZ DE TORREZ;48578;150007;EQUIPO EN BUEN ESTADO
2026-09-17;DESKTOP;60003;DIRECCION DE LOS INTERESES DE LA SOCIEDAD ZONA 1;COMPLEJO FGR;GABRIELA HURTADO;48582;150006;EQUIPO EN BUEN ESTADO 
2026-09-17;DESKTOP;60003;SUBGERENCIA DE REGISTRO Y CONTROL DE PERSONAL;COMPLEJO FGR;ADRIANA SOLANO;48596;90005;EL EQUIPO SE ENTREGA AL USUARIO EN ÓPTIMAS CONDICIONES DE LIMPIEZA Y EN FUNCIONAMIENTO.
2026-08-24;DESKTOP;60003;ACTIVO FIJO;COMPLEJO FGR;JOSE MIGUEL LOPEZ SANTOS;48598;150008;EQUIPO EN BUEN ESTADO
2026-09-22;DESKTOP;60003;SECCION DE CORRESPONDENCIA ;COMPLEJO FGR;ANDRES RAMIREZ ;48605;150006;PRESENTO BATERIA CMOS DAÑADA
2026-07-31;DESKTOP;60003;CONTROL DE BIENES DEL ESTADO;COMPLEJO FGR;KARLA XIOMARA CRUZ AYOLA;48606;150007;PRESENTO BASE DE MONITOR RAYADO
2026-08-24;DESKTOP;60003;GERENCIA DE ADMINISTRACION;COMPLEJO FGR;KENIA YAMILETH FLAMENCO GARCIA;48611;150005;PRESENTO: EXCESO DE PASTA TERMICA
2026-09-16;DESKTOP;60003;SOLUCION TEMPRANA;COMPLEJO FGR;GRETHEL ELIZABETH CORTEZ RUBIO;48617;150008;EQUIPO EN BUEN ESTADO 
2026-09-22;DESKTOP;60003;SECCION DE CORRESPONDENCIA;COMPLEJO FGR;MARIO VELASCO;48620;60005;MIENTRAS DE REALIZABA EL MANTENIMIENTO A EL EQUIPO SE OBSERVO UN EXCESO DE PASTA TERMICA. EQUIPO EN BUEN ESTADO.
2026-09-22;DESKTOP;60003;SECCION DE CORRESPONDENCIA;COMPLEJO FGR;ANDRES RAMIREZ;48623;60005;SE RECOMIENDA REALIZAR CAMBIO DE BATERIA CMOS. EQUIPO EN ESTADO OPTIMO.
2026-09-23;DESKTOP;60003;SUGERENCIA DE BIENESTAR INSTITUCIONAL ;COMPLEJO FGR;ROSA GUADALUPE CARRILLO;48628;150009;EQUIPO EN BUEN ESTADO 
2026-09-18;DESKTOP;60003;DEPARTAMENTO DE METODOS DE CONTROL DE PERSONAL;COMPLEJO FGR;KARLA MARIA PAZ DE DIAZ;48661;150008;PRESENTO BATERIA CMOS CON MINIMO VOLTAJE
2026-09-17;DESKTOP;60003;BIENESTAR INSTITUCIONAL;COMPLEJO FGR;ANA CECILIA GAMERO;48665;150007;PRESENTO AUSENCIA DE SOPORTE DERECHO DEL TECLADO
2026-08-27;DESKTOP;60003;ELA;COMPLEJO FGR;HELMUT ABNER CASTILLO;48669;150005;EQUIPO EN BUEN ESTADO
2026-09-22;DESKTOP;60003;SECCION DE CORRESPONDENCIA;COMPLEJO FGR;DOUGLAS MONGE VALLADARES;48690;150006;EQUIPO EN BUEN ESTADO
2026-09-09;DESKTOP;60003;VIGILANCIA PENITENCIARIA;COMPLEJO FGR;CLAUDIA  CACERES GONZALEZ;48698;150007;EQUIPO EN BUEN ESTADO
2026-08-12;DESKTOP;60003;DELITOS RELATIVOS A LA VIDA E INTEGRIDAD FISICA;COMPLEJO FGR;MARÍA JÓSE BONILLA PAZ;48704;150009;EQUIPO EN BUEN ESTADO
2026-08-28;DESKTOP;60003;SUBDIRECCION CONTRA LA CRIMINALIDAD ORGANIZADA;COMPLEJO FGR;KAREN STEFANNY RAFAILAN;48709;150007;
2026-08-12;DESKTOP;60003;DELITOS RELATIVOS A LA VIDA E INTEGRIDAD FISICA;COMPLEJO FGR;KENIA ROCIO PAZ ORELLANA;48726;150009;EQUIPO EN FUNCIONAMIENTO
2026-08-13;DESKTOP;60003;UAEMNA;COMPLEJO FGR;KARLA MACIEL CAMPOS;48732;150009;EQUIPO EN BUEN ESTADO 
2026-09-09;LAPTOP;60003;VIGILANCIA PENITENCIARIA;COMPLEJO FGR;MONICA RAQUEL TORRES;48785;150009;EQUIPO EN BUEN ESTADO
2026-08-24;LAPTOP;60003;ACTIVO FIJO;COMPLEJO FGR;JOSE MIGUEL LOPEZ SANTOS;48786;150006;PRESENTO: BATERIA DESGASTADA
2026-08-11;LAPTOP;60003;DELITOS RELATIVOS A LA VIDA E INTEGRIDAD FÍSICA ;COMPLEJO FGR;MARGOTH GUZMÁN ;48794;150006;EQUIPO EN BUEN ESTADO 
2026-09-22;LAPTOP;60003;CLINICA ODONTOLOGIA;COMPLEJO FGR;JUAN JOSE GONCHEZ CASANOVA;48796;150006;EQUIPO EN BUEN ESTADO
2026-09-11;LAPTOP;60003;CIVIL;COMPLEJO FGR;PAMELA MARIA COLOME PEÑA;48799;150007;PRESENTO RAYONES EN CARCASA
2026-09-16;LAPTOP;60003;SOLUCION TEMPRANA;COMPLEJO FGR;RUTH ESTHER ELIAS;48803;150007;PRESENTO RAYONES Y QUEBADRURA EN CASE 
2026-07-30;LAPTOP;60003;PENAL DEL ESTADO;COMPLEJO FGR;OSWALDO SEBASTIAN SOLORZANO RAMIREZ;48811;150005;PRESENTO EXCESO DE PASTA TERMICA 
2026-08-27;LAPTOP;60003;ELA;COMPLEJO FGR;LAURA PATRICIA SORTO CHEVEZ;48833;150008;PRESENTO DAÑADA CARCASA DEL EQUIPO (RAYONES).
2026-08-10;LAPTOP;60003;SUBGERENCIA DE PROYECTOS;COMPLEJO FGR;ARIANNA LISSEHT ACOSTA FLORES;48839;150008;PRESENTO FALTA DE GOMA DE SOPORTE 
2026-08-12;LAPTOP;60003;UAEMNA ;COMPLEJO FGR;ANA CAROLINA BRIZUELA DE BRACAMONTE ;48857;150008;EXCESO DE PASTA TÉRMICA
2026-08-10;LAPTOP;60003;DIRECCION DEL ESTADO;COMPLEJO FGR;ANDREA MICHELLE ALFARO;48862;150009;PRESENTO FALTA DE TORNILLO Y UNA PIEZA DEL CASE INTERNO
2026-09-01;LAPTOP;60003;COMPRAS PUBLICAS;COMPLEJO FGR;DORIS BEATRIZ HERRERA;48879;150008;PRESENTO: BATERIA DESGASTADA
2026-07-30;LAPTOP;60003;PENAL DEL ESTADO;COMPLEJO FGR;SAMUEL ABIEL ROMERO FUENTES;48886;150006;PRESENTO RAYONES EN CASE
2026-08-14;LAPTOP;60003;GERENCIA DE COOPERACIÓN ;COMPLEJO FGR;JOSE NEPTALY CORTEZ;48890;150009;EQUIPO EN BUEN ESTADO 
2026-07-28;LAPTOP;60003;DELITOS DE ADMINISTRACION DE JUSTICIA;COMPLEJO FGR;NESTOR LINARES;48907;150007;PRESENTO EN CASE RAYONES E GRIETAS
2026-09-11;LAPTOP;60003; DELITOS RELATIVOS A LA VIDA E INTEGRIDAD FÍSICA ;COMPLEJO FGR;IRIS DOLORES VANESSA LÓPEZ VALLADARES ;48931;150007;EL EQUIPO PRESENTÓ DAÑADA LA CARCASA EXTERNA (QUEBRADA Y ABOYADA)
2026-08-12;LAPTOP;60003;DELITOS RELATIVOS A LA VIDA E INTEGRIDAD FISICA;COMPLEJO FGR;OSIRIS DIGASTELL;48932;150008;EQUIPO EN BUEN ESTADO
2026-08-10;LAPTOP;60003;SUBDIRECCION FISCAL DE LA DEFENSORIA DE LOS INTERESES DEL ESTADO;COMPLEJO FGR;DALIA MARGARITA MARTINEZ ;48938;150007;PRESENTO FALTA DE SOPORTE DE TECLADO
2026-09-09;LAPTOP;60003;VIGILANCIA PENITENCIARIA;COMPLEJO FGR;DAYSI CAROLINA ALVARENGA;51339;150009;EQUIPO EN BUEN ESTADO 
2026-08-12;DESKTOP;60003;DELITOS RELATIVOS A LA VIDA E INTEGRIDAD FISICA;COMPLEJO FGR;JÓSE MIGUEL LÓPEZ SORTO;51518;150006;"EQUIPO EN BUEN ESTADO
CAMBIO DE BATERÍA CMOS"
2026-09-17;DESKTOP;60003;PRESTACIONES Y BENEFICIOS;COMPLEJO FGR;ELENA LOURDES BUSTAMANTE LOPEZ;51520;150006;EQUIPO EN BUEN ESTADO 
2026-09-21;DESKTOP;60003;DEPARTAMENTO DE PRESTACIONES Y BENEFICIOS ;COMPLEJO FGR;DAVID ERNESTO LOBOS GUARDADO ;51698;150008;EQUIPO EN BUEN ESTADO 
2026-09-21;DESKTOP;60003;GERENCIA DE RECURSOS HUMANOS ;COMPLEJO FGR;ANDREA LÓPEZ GUERRA ;51702;150009;EQUIPO EN BUEN ESTADO 
2026-08-18;DESKTOP;60003;UECLA;COMPLEJO FGR;RAQUEL EUNICE CORNEJO DE RAMOS ;51705;150007;EQUIPO EN BUEN ESTADO
2026-07-30;DESKTOP;60003;CIVIL;COMPLEJO FGR;CAROLINA BEATRIZ MARROQUIN GUZMAN;51706;150005;EQUIPO EN BUEN ESTADO
2026-08-17;DESKTOP;60003;ESPECIALIZADA MUJER,NIÑEZ Y ADOLESCENCIA;COMPLEJO FGR;MOSARI VANESSA SOLANO MESTIZO;51707;150008;PRESENTO EXCESO DE PASTA TERMICA
2026-09-22;DESKTOP;60003;CLINICA EMPRESARIAL;COMPLEJO FGR;JAIME ALEXANDER ORTIZ;51709;150007;EQUIPO EN BUEN ESTADO 
2026-08-21;DESKTOP;60003;ACTIVO FIJO;COMPLEJO FGR;VICTOR ANTONIO CHINCHILLA JIMENEZ;51714;150007;EQUIPO EN BUEN ESTADO
2026-08-13;DESKTOP;60003;PRENSA;COMPLEJO FGR;LORENA SARAI TORRES ;51716;150009;EXCESO DE PASTA TERMICA, EQUIPO EN BUEN ESTADO
2026-09-21;DESKTOP;60003;GERENCIA DE RECURSOS HUMANOS ;COMPLEJO FGR;ELSA MORENA FLORES HERNANDEZ;51717;150006;EQUIPO EN BUEN ESTADO 
2026-09-22;DESKTOP;60003;CLINICA EMPRESARIAL;COMPLEJO FGR;DORIS MARIBEL MUNTO ESCALANTE;51718;150007;NO POSEE CABLE DE RED
2026-09-21;DESKTOP;60003;DESARROLLO DE PERSONAL ;COMPLEJO FGR;ELIANA ALVARADO ;51724;150006;EQUIPO EN BUEN ESTADO 
2026-08-21;DESKTOP;60003;SECCION DE INTENDENCIA;COMPLEJO FGR;MIGUEL LOPEZ;51729;150007;EQUIPO EN BUEN ESTADO
2026-08-14;DESKTOP;60003;DEPARTAMENTO DE TRANSPORTE ;COMPLEJO FGR;VÍCTOR ALFARO GONZÁLEZ ;51733;150007;
2026-08-21;DESKTOP;60003;ACTIVO FIJO;COMPLEJO FGR;ASTRID ABIGAIL HERNANDEZ SANCHEZ;51744;150006;EQUIPO EN BUEN ESTADO
2026-08-31;DESKTOP;60003;SUBDIRECCION CONTRA LA CRIMINALIDAD ORGANIZADO;COMPLEJO FGR;SANDRA ROMERO RAMOS;51747;150005;EQUIPO EN BUEN ESTADO
2026-09-21;DESKTOP;60003;GERENCIA DE RECURSOS HUMANOS ;COMPLEJO FGR;ANA LEILA SALOMON;51750;150006;EQUIPO EN BUEN ESTADO 
2026-09-22;DESKTOP;60003;CLINICA EMPRESARIAL;COMPLEJO FGR;JOSUE MIGUEL ORTIZ;51751;150007;EQUIPO EN BUEN ESTADO 
2026-07-30;LAPTOP;60003;PENAL DEL ESTADO;COMPLEJO FGR;ANGEL ALEXANDER AVILES RAMOS;51790;150008;PRESENTO CASE DE PANTALLA AGRIETADO, RAYONES DE CASE, MONITOR CON RAYONES E FALTA  SOPORTE DE TECLADO
2026-07-29;LAPTOP;60003;CUENTAS Y MULTAS;COMPLEJO FGR;OMAR HUMBERTO FUENTES AYALA;51797;150008;PRESENTO BASE DE TORNILLOS DAÑADOS E CASE AGRIETADO
2026-07-28;LAPTOP;60003;CUENTAS Y MULTAS;COMPLEJO FGR;ROSIBEL FLORES;51799;150007;PRESENTO CASE INTERNO QUEBRADO
2026-07-29;LAPTOP;60003;CUENTAS Y MULTAS;COMPLEJO FGR;HERBET ARNOLDO GUARDADO BURGOZ;51800;150006;PRESENTO FALTA DE  TORNILLO 
2026-07-29;LAPTOP;60003;CIVIL;COMPLEJO FGR;EDGAR ERNESTO GOMEZ;51803;150006;PRESENTO CASE ESTA QUEBRADO Y FALTA UN TORNILLO E TECLADO NO TIENE SOPORTE
2026-08-14;LAPTOP;60003;DEPARTAMENTO DE TRANSPORTE ;COMPLEJO FGR;JULIETA DIAZ;51805;150005;PRESENTO: TORNILLO SUELTO EN CARCASA EXTERNA, FALTA TORNILLO EN CARCASA INTERNA
2026-07-31;LAPTOP;60003;;COMPLEJO FGR;KARLA MARIA DAURA DE MARTINEZ ;51806;150009;PRESENTO FALTA DE MULTIPLES TORNILLOS INTERNOS E EXTERNOS
2026-08-24;LAPTOP;60003;ACTIVO FIJO;COMPLEJO FGR;JOSE MIGUEL LOPEZ;51807;150006;EQUIPO EN BUEN ESTADO
2026-09-22;LAPTOP;60003;CLINICA EMPRESARIAL;COMPLEJO FGR;YESENIA MAIDER LUCHA DE CASTRO;51813;90005;EL EQUIPO SE ENTREGA AL USUARIO EN ÓPTIMAS CONDICIONES DE LIMPIEZA Y EN FUNCIONAMIENTO.
2026-07-28;LAPTOP;60003;DELITOS DE ADMINISTRACION DE JUSTICIA;COMPLEJO FGR;JOSE ANTONIO BONILLA HERNANDEZ;51815;150009;EQUIPO EN BUEN ESTADO
2026-09-18;LAPTOP;60003;DEPARTAMENTO DE SELECCION DE PERSONAL;COMPLEJO FGR;KARLA REGINA ESCOBAR URBINA;51818;150008;PRESENTO CASE AGRIETADO EN LA PARTE INFERIOR (ABAJO) Y TORNILLOS SIN SUJECION (BARRIDOS)
2026-09-10;LAPTOP;60003;PENAL JUVENIL;COMPLEJO FGR;SAYRA GISELLE GODOY REYES;51819;150009;EQUIPO EN BUEN ESTADO 
2026-07-29;LAPTOP;60003;CIVIL;COMPLEJO FGR;OSMIN SALOME RECINOS;51821;150006;PRESENTO FALTA DE TORNILLO EN CASE 
2026-09-14;LAPTOP;60003;DELITOS RELATIVOS A LA VIDA E INTEGRIDAD FISICA;COMPLEJO FGR;RAQUEL ERLINDA GARCIA VASQUEZ;51822;150006;PRESENTO tornillo faltante en el case y case dañado 
2026-08-14;LAPTOP;60003;AUDITORIA INTERNA ;COMPLEJO FGR;ALEXIA YAMILETH JOVEL ACEVEDO;51825;150008;EQUIPO EN BUEN ESTADO 
2026-07-31;LAPTOP;60003;CONTROL DE BIENES DEL ESTADO;COMPLEJO FGR;HECTOR GEOVANY ROSALES RAMIREZ;51830;150009;PRESENTO EN PANTALLA LINEA DE PIXEL QUEMADA
2026-09-28;LAPTOP;60003;AUDITORIA FISCAL;COMPLEJO FGR;ROSA ELENA DEL CARMEN CASTRO ;51834;120005;EQUIPO EN BUEN ESTADO 
2026-09-21;LAPTOP;60003;DEPARTAMENTO DE CELECCION DE PERSONAL;COMPLEJO FGR;REYNA IDALIA ORDOÑEZ MOZ;51835;90005;EL EQUIPO SE ENTREGA AL USUARIO EN ÓPTIMAS CONDICIONES DE LIMPIEZA Y EN FUNCIONAMIENTO.
2026-08-10;LAPTOP;60003;GERENCIA DE INNOVARION Y TECNOLOGIA;COMPLEJO FGR;RICARDO STANLEY MAJANO DIAZ;52708;150009;EQUIPO EN BUEN ESTADO
2026-08-13;LAPTOP;60003;GERENCIA DE COOPERACION;COMPLEJO FGR;EDUARDO COLINDRES OTERO;53339;150009;EQUIPO EN BUEN ESTADO 
2026-09-01;LAPTOP;60003;FINANCIERA INSTITUCIONAL;COMPLEJO FGR;SUYIN MARTINEZ;53341;150009;EQUIPO EN BUEN ESTADO
2024-09-24;LAPTOP;60003;DIRECCION JURIDICA FISCAL;COMPLEJO FGR;WENDY CAROLINA MELENDEZ HERNANDZ;53382;150006;EQUIPO EN BUEN ESTADO
2026-08-13;LAPTOP;60003;TRANSPORTE;COMPLEJO FGR;CARLA FLORENCE MORAN;53390;150006;EQUIPO EN BUEN ESTADO
2026-07-27;LAPTOP;60003;DELITO DE MEDIO AMBIIENTE;COMPLEJO FGR;ELISA EDITH ACEVEDO DE NUÑEZ;53392;150007;PRESENTO RAYONES EN CASE, FALTA 1 TORNILLO DE CASE Y SOPORTE DERECHO DE BASE PARA EL TECLADO
2026-09-22;LAPTOP;60003;CLINICA EMPRESARIAL;COMPLEJO FGR;CLARISSA MARIA GODOY ;53394;150009;EQUIPO EN BUEN ESTADO 
2026-08-20;LAPTOP;60003;ESPECIALIZADA EN EXTINCION DE DOMINIO;COMPLEJO FGR;JOHANNA FERNANDEZ;53397;150007;PRESENTO BORDE DE CASE QUEBRADO ASI COMO TAYADO Y UN TORNILLO SOBADO
2026-09-22;LAPTOP;60003;CLINICA EMPRESARIAL;COMPLEJO FGR;GIOVANNA ALCIRA AGUILAR NOCHEZ;53399;90005;EQUIPO EN BUEN ESTADO
2026-07-29;LAPTOP;60003;CIVIL;COMPLEJO FGR;CESAR OMAR MARTINEZ PORTILLO;53401;150005;PRESENTO RAYONES , GOLPES E FALTA DE TORNILLO EN CASE
2026-07-29;LAPTOP;60003;IMPUESTOS;COMPLEJO FGR;GABRIELA LOURDES MARTINEZ FLORES;53403;150007;PRESENTO EN CASE QUEBRADO E FALTA DE TORNILLOS, CASE DE TECLADO QUEBRADO Y ALGUNAS LETRAS DE TECLADO PROPIO DE LAPTOP DAÑADOS
2026-09-09;LAPTOP;60003;VIGILANCIA PENITENCIARIA;COMPLEJO FGR;GLORIA PATRICIA AGUILAR BARRERA;53405;150006;PRESENTO DAÑO EN EL CARCASA INFERIOR
2026-09-22;LAPTOP;60003;CLINICA EMPRESARIAL;COMPLEJO FGR;KARLA  JULISSA ARGUELLO;53409;150006;EQUIPO EN BUEN ESTADO
2026-09-22;LAPTOP;60003;CLINICA EMPRESARIAL;COMPLEJO FGR;FLOR DE MARIA FUENTES DE CASTELLANO;53413;90005;EL EQUIPO SE ENTREGA AL USUARIO EN ÓPTIMAS CONDICIONES DE LIMPIEZA Y EN FUNCIONAMIENTO.
2026-09-22;LAPTOP;60003;CLINICA EMPRESARIAL;COMPLEJO FGR;EDWIN ARMANDO MUÑOZ;53416;150007;PRESENTO RAYONES EN CASE, DOCKSTATION SIN 1 PIN
2026-08-24;LAPTOP;60003;FISCALIA ADJUNTA CONTRA LA DELINCUENCIA ECONOMICA;COMPLEJO FGR;MAYRA BEATRIZ SANTOS DE JUAREZ;53418;150005;PRESENTO: FALTA DE TORNILLO EN CARCASA EXTERNA
2026-08-26;LAPTOP;60003;PATRIMONIO PRIVADO;COMPLEJO FGR;ELIZABETH ROMERO SORTO;53419;150005;PRESENTO FALTA DE TORNILLOS EN CARCASA INTERNA Y EXTERNA
2026-09-24;LAPTOP;60003;DIRECCION JURIDICA FISCAL;COMPLEJO FGR;ERICK ALEJANDRO MONTOYA MORALES;53420;90005;EQUIPO EN BUEN ESTADO
2026-08-10;LAPTOP;60003;SUBGERENCIA DE PLANIFICACION;COMPLEJO FGR;MONICA PACHECO VAQUERANO;53433;150009;PRESENTO FALTA DE TORNILLO EN CASE INTERNO
2026-09-21;LAPTOP;60003;DEPARTAMENTO DE SELECCIÓN DE PERSONAL;COMPLEJO FGR;DAVID ERNESTO ALVERENGA ;53453;150009;EQUIPO EN BUEN ESTADO 
2026-09-18;LAPTOP;60003;VIGILANCIA PENITENCIARIA;COMPLEJO FGR;OSCAR ALBERTO FLORES DIAZ;53455;150008;EQUIPO EN BUEN ESTADO
2026-08-31;LAPTOP;60003;SUBDIRECCION CONTRA LA CRIMINALIDAD ORGANIZADA;COMPLEJO FGR;MARCELA GUADALUPE;53463;150007;EQUIPO EN BUEN ESTADO
2026-09-22;DESKTOP;60003;CLINICA EMPRESARIAL;COMPLEJO FGR;ROCIO NICOLE ALVARADO;53671;150008;
2026-08-12;DESKTOP;60003;FEMINICIDIO ;COMPLEJO FGR;ANA ISABEL DURAN;53681;150006;EQUIPO EN BUEN ESTADO 
2026-08-17;LAPTOP;60003;AUDITORIA;COMPLEJO FGR;FIDELINA GUTIERREZ DE LOPEZ;53682;150007;EQUIPO EN BUEN ESTADO
2026-07-28;DESKTOP;60003;CUENTAS Y MULTAS;COMPLEJO FGR;JAMILET ANDRADE;53686;150007;EQUIPO EN BUEN ESTADO
2026-09-16;DESKTOP;60003;REGIMEN G5;COMPLEJO FGR;ROSARIO MORALES;53692;150005;PRESENTO: FALLO EN TECLA DEL TECLADO (DELETE)
2026-09-28;DESKTOP;60003;AUDITORIA FISCAL;COMPLEJO FGR;JOSÉ FERNANDO CALLE MARAVILLA ;53693;150009;EQUIPO EN BUEN ESTADO 
2026-08-12;DESKTOP;60003;FEMINICIDIO ;COMPLEJO FGR;ALMA GALEANO ;53696;150005;"EQUIPO EN BUEN ESTADO 
PRESENTO FALTANTE SOPORTE TECLADO (IZQUIERDO)"
2026-08-21;DESKTOP;60003;GERENCIA INFRAESTRUCTURA;COMPLEJO FGR;JOCELYN MERARI ALVARENGA;53700;150008;EQUIPO EN BUEN ESTADO
2026-08-13;DESKTOP;60003;PRENSA;COMPLEJO FGR;KEVIN ALXENADER SANTOS HERNANDEZ;53709;150007;
2026-09-21;DESKTOP;60003;REPRODUCCION;COMPLEJO FGR;HECTOR MAURICIO VILLACORTA PORTILLO ;53714;150008;EQUIPO EN BUEN ESTADO 
2026-08-13;DESKTOP;60003;DEPARTAMENTO DE COMUNICACION INTERNA;COMPLEJO FGR;EDWIN PINEDA;53715;150005;EQUIPO EN BUEN ESTADO
2026-09-22;DESKTOP;60003;CORRESPONDENCIA ;COMPLEJO FGR;NOEL HERNÁNDEZ ;53721;150009;EQUIPO EN BUEN ESTADO 
2026-08-13;DESKTOP;60003;DEPARTAMENTO DE COMUNICACION INTERNA;COMPLEJO FGR;ALEXA MARIA HERNANDEZ DE SINCETE;53725;150008;EQUIPO EN BUEN ESTADO 
2026-09-18;DESKTOP;60003;REGISTRO Y CONTROL DE PERSONAL;COMPLEJO FGR;HECTOR JOSE CLAVEL AVILES;54848;90005;EL EQUIPO SE ENTREGA AL USUARIO EN ÓPTIMAS CONDICIONES DE LIMPIEZA Y EN FUNCIONAMIENTO.
2026-08-31;DESKTOP;60003;SUBDIRECCIÓN CONTRA LA CRIMINALIDAD ORGANIZADA 3;COMPLEJO FGR;PAOLA MICHELLE MARTINEZ SOLIS;56020;150007;EQUIPO EN BUEN ESTADO
2026-09-08;ESCANER;60003;GRUPO UELA;COMPLEJO FGR;ALVARO ERNESTO CASTILLO;57753;150007;PRESENTO GRAPAS EN EL INTERIOR 
2026-09-21;DESKTOP;60003;SELECCION DE PERSONAL;COMPLEJO FGR;ARIANA ABIGAIL HERNANDEZ;58293;150007;PRESENTO RAYONES EN CASE Y RAYON EN LA TECLA X
2026-08-21;LAPTOP;60003;GERENCIA INFRAESTRUCTURA;COMPLEJO FGR;JORGE MAURICIO JAIME MARTINEZ;59311;150006;EQUIPO EN BUEN ESTADO
2026-08-21;LAPTOP;60003;GERENCIA INFRAESTRUCTURA;COMPLEJO FGR;PENDIENTE;59313;150006;EQUIPO EN BUEN ESTADO
2026-09-10;LAPTOP;60003;PENAL JUVENIL;COMPLEJO FGR;NANCY CORINA NERIO;59315;150006;EQUIPO EN BUEN ESTADO
2026-08-25;LAPTOP;60003;EJECUTORA DE PROYECTOS;COMPLEJO FGR;ANA MARCELA SÁNCHEZ TULA ;59316;150008;"PRESENTO MARCO DE PANTALLA DE LAPTOP QUEBRADO
RAYONES LEVES EN PANTALLA LAPTOP"
2026-09-22;LAPTOP;60003;CLINICA EMPRESARIAL;COMPLEJO FGR;FATIMA DEL ROSARIO SANCHEZ BAUTISTA;59327;90005;EL EQUIPO SE ENTREGA AL USUARIO EN ÓPTIMAS CONDICIONES DE LIMPIEZA Y EN FUNCIONAMIENTO.
2026-08-21;LAPTOP;60003;ACTIVO FIJO;COMPLEJO FGR;OSCAR ANTONIO REYES;59331;150005;EQUIPO EN BUEN ESTADO
2026-08-13;LAPTOP;60003;TRANSPORTE;COMPLEJO FGR;WENDY EUNICE WOLMERS ;59332;150007;PRESENTO CARCASA QUEBRADA EN ESQUINA, CARCASA CON RAYONES
2026-08-26;LAPTOP;60003;PATRIMONIO PRIVADO;COMPLEJO FGR;ROCIO MARGARITA RODRIGUEZ HERNANDEZ;59334;150008;PRESENTO LEVES RAYONES EN LA CARCASA DEL EQUIPO.
2026-07-29;LAPTOP;60003;CUENTAS Y MULTAS;COMPLEJO FGR;JOSE MANUEL SALMERON;59342;150005;EQUIPO EN BUEN ESTADO
2026-08-13;LAPTOP;60003;GESTION AMBIENTAL;COMPLEJO FGR;MARLON ALEJANDRO ROMERO MEJIA;59343;150009;EQUIPO EN BUEN ESTADO
2026-09-23;LAPTOP;60003;DEPARTAMENTO DE METODOS DE CONTROL DE PERSONAL;COMPLEJO FGR;ALEXANDER MEJIA;59346;60005;EQUIPO EN BUEN ESTADO.
2026-09-24;LAPTOP;60003;ADJUNTA PARA ASUNTOS INTERNACIONALES ;COMPLEJO FGR;RICARDO ALBERTO LANGLOIS CALDERON;59348;150006;EQUIPO EN BEN ESTADO
2026-08-14;LAPTOP;60003;AUDITORIA INTERNA ;COMPLEJO FGR;REBECA MARCELA LOZANO DE MARROQUÍN;59349;150005;PRESENTO : FALTA DE TORNILLOS, ROSCA DE TORNILLOS DAÑADO
2026-08-17;LAPTOP;60003;AUDITORIA INTERNA ;COMPLEJO FGR;KATIA LISSETT FLORES DE RODAS ;59350;150009;EQUIPO EN BUEN ESTADO 
2026-08-14;LAPTOP;60003;AUDITORIA INTERNA ;COMPLEJO FGR;KAREN LOUDES JOVEL CHICAS;59352;150006;EQUIPO EN BUEN ESTADO
2026-08-14;LAPTOP;60003;AUDITORIA INTERNA ;COMPLEJO FGR;SANDRA DE AVILES;59353;150009;PRESENTO: FALTA DE TORNILLOS EN CARCASA EXTERIOR Y INTERNA.
2026-08-14;LAPTOP;60003;AUDITORIA INTERNA ;COMPLEJO FGR;JULIA MARGARITA NOYOLA;59354;150008;PRESENTO: FALTA DE TORNILLOS PARTE INTERNA, GOLPES LEVES EN CARCASA EXTERIOR
2026-08-10;LAPTOP;60003;SUBGERENCIA DE PLANIFICACION;COMPLEJO FGR;NORMA ELIZABETH VILLATORO ;59356;150006;PRESENTO EN MAOUSE GOMA DAÑADA
2026-07-30;LAPTOP;60003;PENAL DE ESTADO;COMPLEJO FGR;MARIO JOSE TOLEDO HERRERA;59401;150009;EQUIPO EN BUEN ESTADO
2026-09-18;LAPTOP;60003;DEPARTAMENTO DE SELECCION DE PERSONAL;COMPLEJO FGR;NANCI CAROLINA MARTINEZ DE RAMIREZ;59402;90005;EQUIPO EN FUNCIONAMIENTO. SE REPORTAN RAYONES ESTÉTICOS PREVIOS EN LA TAPA Y BASE. SE ENTREGA AL USUARIO EN ÓPTIMAS CONDICIONES DE LIMPIEZA.
2026-08-17;LAPTOP;60003;ESPECIALIZADA EN EXTENCION DE DOMINIO;COMPLEJO FGR;MARTA ELIDA FIGUEROA ;59411;150005;PRESENTO TORNILLO SUELTO EN LA CARCASA EXTERIOR DEL EQUIPO
2026-08-13;LAPTOP;60003;DEPARTAMENTO DE COMUNICACION INTERNA;COMPLEJO FGR;WILMER ANIBAL RIVERA;59412;150006;EQUIPO EN BUEN ESTADO 
2026-08-21;LAPTOP;60003;GERENCIA INFRAESTRUCTURA;COMPLEJO FGR;CAROLINA CORNEJO;59413;150005;EQUIPO EN BUEN ESTADO
2026-08-26;LAPTOP;60003;SECCION DE ACTIVO FIJO;COMPLEJO FGR;FRANCISCO ALEJANDRO SOSA;59419;150005;EQUIPO EN BUEN ESTADO
2026-08-13;LAPTOP;60003;PRENSA;COMPLEJO FGR;MAYRA ESCOBAR;59421;150005;EQUIPO EN BUEN ESTADO
2026-08-10;LAPTOP;60003;SUBGERENCIA DE PROYECTOS;COMPLEJO FGR;SOFIA CRUZ ;59423;150006;PRESENTO FALTA DE TORNILLO
2026-09-10;LAPTOP;60003;SOLUCION TEMPRANA;COMPLEJO FGR;KAREN YESENIA CARILLO DE FLORES;59424;150007;RAYONES EN CARCASA
2026-09-07;LAPTOP;60003;SUBGERENCIA DE TESORERIA (UNIDAD FINANCIERA INSTITUCIONAL);COMPLEJO FGR;RONALDO JOSE GAMERO;59432;150007;ABOLLADURA EN CARCASA, BORDE DE CARCASA DE LA PANTALLA QUEBRADA
2026-08-31;LAPTOP;60003;SUBDIRECCION CONTRA LA CRIMINALIDAD ORGANIZADA;COMPLEJO FGR;CLAUDIA ELIZABETH CABRERA;59435;150007;PRESENTO RAYONES EN LA CARCASA DEL EQUIPO
2026-09-11;LAPTOP;60003;DELITOS DE ADMINISTRACION DE JUSTICIA;COMPLEJO FGR;ANA MERCEDES REALES GUTIERREZ;59436;150006;EQUIPO EN BUEN ESTADO
2026-08-14;LAPTOP;60003;GERENCIA DE COOPERACIÓN ;COMPLEJO FGR;LUZ ANABELY MOLINA DE GRANDE;59437;150007; PRESENTO: RAYONES EN CARCASA
2026-08-18;LAPTOP;60003;QEDC;COMPLEJO FGR;MIRN ROXANA GUZMAN;59438;150008;SE PRESENTO CARCASA DAÑADA (CON QUEBRADURA EN PARTE INFERIOS DEL EQUIPO)
2026-09-28;LAPTOP;60003;AUDITORIA FISCAL;COMPLEJO FGR;SALVADOR MIRA;59440;90005;EQUIPO EN BUEN ESTADO
2026-07-30;LAPTOP;60003;PENAL DE ESTADO;COMPLEJO FGR;BORIS IVAN ENRIQUE GALVEZ PINEDA;59441;150005;EQUIPO EN BUEN ESTADO
2026-09-14;LAPTOP;60003;PENAL DEL ESTADO;COMPLEJO FGR;LLAMAR MARTINEZ;59442;150007;"PRESENTO MULTIPLES RAYONES EN CARCASA, TECLA ""CTRL"" CON FALSO"
2026-07-29;ESCANER;60003;DELITOS DE ADMINISTRACION DE JUSTICIA;COMPLEJO FGR;DELMY FLORES;59557;150006;PRESENTO GUIAS DE PAPEL DAÑADAS
2026-08-26;ESCANER;60003;DELITOS RELATIVOS A LA VIDA E INTEGRIDAD FISICA ;COMPLEJO FGR;SANTOS RUBENTA DURA;59559;150007;EQUIPO EN BUEN ESTADO
2026-09-08;ESCANER;60003;SUBDIRRENCION CONTRA LA CRIMEN ORGANIZADO EQUIPO 2;COMPLEJO FGR;KARLA PONCE DE ESCOBAR;59574;150009;EQUIPO EN BUEN ESTADO 
2026-09-07;ESCANER;60003;SUBGERENCIA DE TESORERIA( UNIDAD FINANCIERA INSTITUCIONAL);COMPLEJO FGR;RONALDO JOSE GAMERO;59575;150007;PRESENTO RAYONES EN PASO DE PAPEL
2026-08-26;ESCANER;60003;UAEMNA;COMPLEJO FGR;MOSARI VANESSA SOLANO MESTIZO;59576;150006;EQUIPO EN BUEN ESTADO
2026-08-26;ESCANER;60003;UEMNA;COMPLEJO FGR;DEBORAH BERIOZ;59589;150009;EQUIPO EN BUEN ESTADO
2026-08-25;ESCANER;60003;LAVADO DE ACTIVOS;COMPLEJO FGR;ALMA LORENA PEÑATE;59591;150006;PRESENTO MACHAS ANTES DEL ESCANEO Y SE CORRIGIO
2026-08-25;ESCANER;60003;EXTINCION DE DOMINIO;COMPLEJO FGR;FATIMA GABRIELA HERNANDEZ PEÑA;59631;150008;SE REALIZO CAMBIO DE ESCANER 59723 (POR PROBLEMAS EN LOS RODILLOS) POR EL ESCANER 59631 (EQUIPO EN BUEN ESTADO)
2026-09-21;ESCANER;60003;SELECCION DE PERSONAL;COMPLEJO FGR;CARLA REGINA ESCOBAR URBINA;59643;90005;EL EQUIPO SE ENTREGA AL USUARIO EN ÓPTIMAS CONDICIONES DE LIMPIEZA Y EN FUNCIONAMIENTO.
2026-09-22;ESCANER;60003;CORRESPONDENCIA ;COMPLEJO FGR;JEREMÍAS CASTELLON;59646;150009;EQUIPO EN BUEN ESTADO 
2026-08-26;ESCANER;60003;SUDDIRECCION DEFESA DE LOS INTERESES DEL ESTADO;COMPLEJO FGR;DALIA MARGARITA MARTINEZ HERNANDEZ ;59647;150006;EQUIPO EN BUEN ESTADO
2026-09-21;ESCANER;60003;DEPARTAMENTO DE SELECCION DE PERSONAL;COMPLEJO FGR;ARIANA ABIGAIL HERNANDEZ VENTURA;59649;90005;"EQUIPO INGRESA EN CONDICIÓN DE FALLA OPERATIVA CON EXCESIVA ACUMULACIÓN DE POLVO, RESIDUOS Y SENSOR DE ENTRADA OBSTRUIDO POR BASURA. SE EJECUTÓ LIMPIEZA INTERNA Y PROFUNDA, DESMONTAJE DE LA PLACA METÁLICA INFERIOR Y DESINSPECCIÓN ÓPTICA. TRAS LA INTERVENCIÓN, EL EQUIPO PRESENTÓ MEJORÍA EN HIGIENE GENERAL; SIN EMBARGO, PERSISTE LA FALLA DE ARRASTRE EN EL ALIMENTADOR Y LAS LÍNEAS EN LA DIGITALIZACIÓN. SE RECOMIENDA SUSTITUCIÓN DE RODILLOS DE TRACCIÓN (KIT DE CONSUMIBLES) Y REVISIÓN ESPECIALIZADA DEL MÓDULO ÓPTICO."
2026-09-08;ESCANER;60003;GERENCIA GENERAL;COMPLEJO FGR;HECTOR HERNESTO MERINO;59651;150007;EL USUARIO NO POSEE LA APLICACION PARA ESCANEAR 
2026-09-07;ESCANER;60003;SUBGERENCIA DE CONTABILIDAD;COMPLEJO FGR;HUMBERTO ERNESTO ALVARADO MENDOZA;59659;150006;EQUIPO BUEN ESTADO
2026-08-26;ESCANER;60003;SUBDIRECCION DEFENSA DE LOS INTERESES DEL ESTADO;COMPLEJO FGR;ANDREA MICHELLE ALFARO GONZALEZ;59674;150007;EQUIPO EN BUEN ESTADO
2026-09-21;ESCANER;60003;GERENCIA DE RECURSOS HUMANOS;COMPLEJO FGR;ANDREA LOPEZ;59675;60005;EQUIPO EN BUEN ESTADO.
2026-08-26;ESCANER;60003;UAEMNA ;COMPLEJO FGR;KARLA DE ALVARADO;59718;150006;EQUIPO EN BUEN ESTADO
2026-07-29;ESCANER;60003;DELITO DE MEDIO AMBIENTE;COMPLEJO FGR;BLANCA ZELAYA;59720;150007;EQUIPO EN BUEN ESTADO
2026-09-07;ESCANER;60003;GERENCIA GENERAL ;COMPLEJO FGR;EVELYN ARGUETA;59724;150009;EQUIPO EN BUEN ESTADO 
2026-08-24;ESCANER;60003;ESPECIALIZADA DE DELITOS DE CORRUPCION;COMPLEJO FGR;DIEGO ERNESTO POZO;59725;150009;PRESENTO: GUIA DE PAPEL DAÑADA Y CON OBSTRUCCION SEVERA POR ACUMULACION DE MICROPARTICULAS.
2026-08-26;ESCANER;60003;SECCION DE INTENDENCIA;COMPLEJO FGR;OSCAR ROMERO;59728;150005;EQUIPO EN BUEN ESTADO
2026-08-25;ESCANER;60003;ESPECIALIZADORA EN DELITOS DE CORRUPCION;COMPLEJO FGR;SALVADOR ISAAC POLANCO;59752;150009;PRESENTO MUCHA SUCIEDAD EN EL INTERIOR DEL EQUIPO
2026-08-25;ESCANER;60003;INVESTIGACION ESPECIALES;COMPLEJO FGR;WENDY DE ALVARENGA;59753;150009;EQUIPO EN BUEN ESTADO
2026-08-26;ESCANER;60003;UNIDAD DE INVESTIGACION FINANCIERA;COMPLEJO FGR;KAREN STEFANY MENDOZA PEREZ;59754;150008;EQUIPO EN BUEN ESTADO
2026-08-28;ESCANER;60003;INVESTIGACIONES ESPECIALES ;COMPLEJO FGR;BRANDON MUNTO;59760;150006;EQUIPO EN BUEN ESTADO,FORMULARIO FIRMADO POR BRANDON MUNTO, YA QUE ESTA ASIGNADO TEMPORALMENTE POR TAREA ASIGNADA A CREDICASH.
2026-08-27;ESCANER;60003;ELA;COMPLEJO FGR;DIEGO FERNANDO RAMOS FLORES;59766;150008;EQUIPO EN BUEN ESTADO
2026-09-08;LAPTOP;60003;SUBDIRECCION CONTRA LA CRIMINALIDAD ORGANIZADA;COMPLEJO FGR;KARLA PONCE DE ESCOBAR ;59874;150009;EQUIPO E BUEN ESTADO
2026-09-25;LAPTOP;60003;CONTRATOS DEL ESTADO;COMPLEJO FGR;MIGUEL PEÑA MARTINEZ;60106;150005;EQUIPO EN BUEN ESTADO
2026-08-26;LAPTOP;60003;GRUPO ELA;COMPLEJO FGR;ALVARO ERNESTO CASTILLO;60110;150006;EQUIPO EN BUEN ESTADO
2026-08-21;LAPTOP;60003;SECCION INTENDECIA;COMPLEJO FGR;JORGE ARNOLDO MACHADO PALACIOS;60112;150005;EQUIPO EN BUEN ESTADO, PRESENTO TORNILLO FALTANTE EN LA BATERIA
2026-08-26;LAPTOP;60003;GRUPO ELA;COMPLEJO FGR;RENE CARRANZA TEJADA;60113;150006;EQUIPO EN BUEN ESTADO
2026-08-20;LAPTOP;60003;UNIDAD ESPECIALIZADA CONTRA LAVADO DE ACTIVOS;COMPLEJO FGR;ERIKA GISSETTE GARCIA;60120;150006;EQUIPO EN BUEN ESTADO
2026-08-26;LAPTOP;60003;PENDIENTE;COMPLEJO FGR;CESAR JAVIER VASQUEZ;60121;150006;EQUIPO EN BUEN ESTADO.
2026-07-29;LAPTOP;60003;CIVIL;COMPLEJO FGR;EUGENIA GUADALUPE SOZA;60122;150009;EQUIPO EN BUEN ESTADO
2026-08-27;LAPTOP;60003;ELA;COMPLEJO FGR;JOSE GUADALUPE LOPEZ;60125;150008;EQUIPO EN  BUEN ESTADO.
2026-07-30;LAPTOP;60003;CIVIL;COMPLEJO FGR;CLAUDIA GUADALUPE DEL CARMEN HERNANDEZ LUNA;60132;150006;PRESENTO FALTA DE TORNILLO EN HDD E GOLPES EN CASE
2026-08-28;ESCANER;60003;CIVIL;COMPLEJO FGR;[PENDIENTE];60135;150006;PRESENTO GRAPAS , PRESENTA LINEA AL REVERSO DE LA PAGINAS, SE RECOMIENDA CAMBIO DE GOMAS DE LA BANDEJA DE PAPEL
2026-08-28;ESCANER;60003;INVESTIGACIONES ESPECIALES;COMPLEJO FGR;BRANDON MUNTO;60136;150009;EQUIPO BUEN ESTADO,  FORMULARIO FIRMADO POR (BRANDO MUNTO) YA QUE ESTA ASIGANADO TEMPORALMENTE POR TAREAS ASIGNADA A CREDICASH
2026-08-31;ESCANER;60003;INVESTIGACIONES ESPECIALES;COMPLEJO FGR;BRANDON MUNTO;60137;150009;EQUIPO EN BUEN ESTADO,  FORMULARIO FIRMADO (BRANDO MUNTO) YA QUE ESTA ASIGANADO TEMPORALMENTE POR TAREAS ASIGNADA A CREDICASH
2026-08-28;ESCANER;60003;INVESTIGACIONES ESPECIALES;COMPLEJO FGR;BRANDON MUNTO;60138;150009;PRESENTO: LINEAS EN LA PARTE REVERSA DE LA PAGINA. NOTA: FORMULARIO FIRMADO POR [NOMBRE DEL USUARIO], YA QUE ESTÁ ASIGNADO TEMPORALMENTE POR TAREA ASIGNADA A CREDICASH
2026-08-31;ESCANER;60003;INVESTIGACIONES ESPECIALES;COMPLEJO FGR;BRANDON MUNTO;60139;150006;PRESENTO RAYONES EN EL SCANNEO ANTES Y DESPUES DEL MANTENIMIENTO, FORMULARIO FIRMADO (BRANDO MUNTO) YA QUE ESTA ASIGANADO TEMPORALMENTE POR TAREAS ASIGNADA A CREDICASH
2026-08-31;ESCANER;60003;INVESTIGACIONES ESPECIALES;COMPLEJO FGR;BRANDON MUNTO;60140;150009;ENCONTRO PEQUEÑAS GRAPAS,  FORMULARIO FIRMADO (BRANDO MUNTO) YA QUE ESTA ASIGANADO TEMPORALMENTE POR TAREAS ASIGNADA A CREDICASH
2026-08-31;ESCANER;60003;INVESTIGACIONES ESPECIALES;COMPLEJO FGR;BRANDON MUNTO;60141;150009;PRESENTO: FALTA SOPORTE DE BASE INFERIOR CON SU TORNILLO, PRESENTA UNA RAYA EN EL ESCANEO NOTA: FORMULARIO FIRMADO POR [NOMBRE DEL USUARIO], YA QUE ESTÁ ASIGNADO TEMPORALMENTE POR TAREA ASIGNADA A CREDICASH
2026-09-24;LAPTOP;60003;DIRECCION JURIDICA FISCAL;COMPLEJO FGR;BLANCA VERONICA URBINA ;61028;150006;PRESENTO FALTA DE TORNILLO EN CASE
2026-09-24;LAPTOP;60003;CORTE SUPREMA DE JUSTICIA;COMPLEJO FGR;ANA MARIA RIVAS;61031;90005;EQUIPO EN BUEN ESTADO
2026-09-09;LAPTOP;60003;VIGILANCIA PENITENCIARIA;COMPLEJO FGR;INGRID ALEYDA MONGE MORALES;61035;150006;EQUIPO EN BUEN ESTADO
2026-08-12;LAPTOP;60003;FEMINICIDIO ;COMPLEJO FGR;ANA ISABEL DURAN ;61041;150008;"CARCASA CON RAYONES LEVES LAPTOP 
EXCESO PASTA TERMICA 
MANCHAS LEVES EN PANTALLA LAPTOP 
RAYONES LEVES EN PANTALLA MONITOR "
2026-08-13;LAPTOP;60003;DEPARTAMENTO DE ADMINISTRACION DE REDES SOCIALES;COMPLEJO FGR;JEMIMA SALAZAR;61047;150005;EQUIPO EN BUEN ESTADO
2026-09-11;LAPTOP;60003;DELITO DE MEDIO AMBIENTE;COMPLEJO FGR;MARIA DEISY MENJIVAR POCASANGRE;61049;150006;PRESENTO EXCESO DE PASTA TERMICA.
2026-09-21;LAPTOP;60003;GERENCIA DE RECURSOS HUMANOS;COMPLEJO FGR;MIRNA YANES;61056;60005;EL EQUIPO PRESENTO RAYONES EN LA PARTE SUPERIOR DEL CASE. EQUIPO EN ESTADO OPTIMO.
2026-09-18;LAPTOP;60003;GRUPO G5;COMPLEJO FGR;LISSETT CRISTINA ANAYA TURCIOS;61057;90005;EL EQUIPO SE ENTREGA AL USUARIO EN ÓPTIMAS CONDICIONES DE LIMPIEZA Y EN FUNCIONAMIENTO.
2026-09-24;LAPTOP;60003;PENDIENTE;COMPLEJO FGR;SANDRA LISSETTE BOLAÑOS TORRES DE CATALAN;61059;150006;EQUIPO EN BUEN ESTADO
2026-09-01;LAPTOP;60003;SUBGERENCIA DE PRESUPUESTO;COMPLEJO FGR;CARLOS RENE LOZANO QUEVEDO;61060;150006;EQUIPO EN BUEN ESTADO
2026-09-17;LAPTOP;60003;PATRIMONIO PRIVADO Y PROPIEDAD INTELECTUAL;COMPLEJO FGR;BRYAN MARTINEZ;61131;90005;EL EQUIPO SE ENTREGA AL USUARIO EN ÓPTIMAS CONDICIONES DE LIMPIEZA Y EN FUNCIONAMIENTO.
2026-09-24;LAPTOP;60003;ADJUNTA PARA ASUNTOS INTERNACIONALES ;COMPLEJO FGR;MARINA ORTEGA MARTINEZ;61186;150007;PRESENTO RAYONES E GRIETAS EN CASE
2026-09-24;LAPTOP;60003;ADJUNTA PARA ASUNTOS INTERNACIONALES;COMPLEJO FGR;GREDIS ELIZABETH SANTOS CARRANZA;61187;;PRESENTO RAYONES EN CASE, GOLPE EN ESQUINA IZQUIERDA DEL EQUIPO
2026-09-16;LAPTOP;60003;PATRIMONIO PRIVADO;COMPLEJO FGR;ANTONIO JULIAN MENDEZ;61226;150007;EQUIPO EN BUEN ESTADO 
2026-09-23;LAPTOP;60003;PATRIMONIO PRIVADO;COMPLEJO FGR;JONATHAN LANDA;61228;60005;EQUIPO EN BUEN ESTADO.
2026-09-11;LAPTOP;60003; GERENCIA PLANIFICACIÓN Y PROYECTOS ;COMPLEJO FGR;ALEJANDRA CALDERON;61232;150009;EQUIPO EN BUEN ESTADO 
2026-07-30;LAPTOP;60003;CONTROL DE BIENES DEL ESTADO;COMPLEJO FGR;JAVIER ISAAC RIVAS RODRIGUEZ;61256;150006;PRESENTO EXCESO DE PASTA
2026-08-11;LAPTOP;60003;DELITOS RELATIVOS A LA VIDA E INTEGRIDAD FÍSICA ;COMPLEJO FGR;JURE AUDRE RIVERA FUENTES ;61258;150008;PRESENTÓ BATERÍA CMOS CON CARGA MÍNIMA, SE REQUIERE DE UN CAMBIO. 
2026-09-16;LAPTOP;60003;PATRIMONIO PRIVADO Y PROPIEDAD INTELECTUAL;COMPLEJO FGR;KAREN ALEJANDRA BELTRAN ;61266;150006;EQUIPO EN BUEN ESTADO 
2026-08-12;LAPTOP;60003;;COMPLEJO FGR;STEFFANY ALEJANDRA ROMERO GÁMEZ;61279;150007;MOUSE CON FALLO EN EL SCROLL
2026-08-10;LAPTOP;60003;SUBGERENCIA DE PROYECTOS;COMPLEJO FGR;RAMON ANTONIO ESCOBAR;61286;150006;EQUIPO EN BUEN ESTADO 
2026-09-16;LAPTOP;60003;PATRIMONIO PRIVADO Y PROPIEDAD INTELECTUAL;COMPLEJO FGR;KAMILA GISSELL AMAYA MARTINEZ;61294;150006;PRESENTO EXCESO DE PASTA TERMICA Y TORNILLO FALTANTE EN EL CASE
2026-09-16;LAPTOP;60003;PATRIMONIO PRIVADO Y PROPIEDAD INTELECTUAL;COMPLEJO FGR;RAQUEL ASENCIO;61303;150009;EQUIPO EN BUEN ESTADO 
2026-09-08;LAPTOP;60003;FISCAL ESPECIALIZADA DELITOS DE NARCOTRAFICO;COMPLEJO FGR;ANA BEATRIZ MEJIA;61304;150007;PRESENTO AUSENCIA DE UN SOPORTE EN EL TECLADO
2026-09-18;LAPTOP;60003;DEPARTAMENTO DE SELECCION DE PERSONAL;COMPLEJO FGR;SALVADOR ANTONIO JAIME;61306;150006;EQUIPO EN BUEN ESTADO
2026-09-25;LAPTOP;60003;DERECHOS HUMANOS;COMPLEJO FGR;BERTA ROSSIBEL VALLE DE CARCAMO;61338;150006;EQUIPO EN BUEN ESTADO 
2026-07-29;LAPTOP;60003;CONTROL DE BIENES DEL ESTADO;COMPLEJO FGR;KARLA XIOMARA CRUZ AYALA;61339;150006;EQUIPO EN BUEN ESTADO
2026-09-25;LAPTOP;60003;DERECHOS HUMANOS;COMPLEJO FGR;DIANA RAMOZ;61340;90005;EQUIPO EN BUEN ESTADO
2026-07-31;LAPTOP;60003;CONTROL DE BIENES DEL ESTADO;COMPLEJO FGR;JORGE ANTONIO HERNANDEZ SORIANO;61343;150006;EQUIPO EN BUEN ESTADO
2026-08-24;LAPTOP;60003;ACTIVO FIJO;COMPLEJO FGR;ASTRID ABIGAIL HERNANDEZ SANCHEZ;61347;150006;PRESENTO: EXCESO DE PASTA TERMICA
2026-09-25;LAPTOP;60003;DERECHOS HUMANOS ;COMPLEJO FGR;LISSETTE ARELI LOPEZ;61350;150006;EQUIPO EN BUEN ESTADO 
2026-09-16;LAPTOP;60003;SOLUCION TEMPRANA;COMPLEJO FGR;Andrea;61353;150006;EQUIPO EN BUEN ESTADO 
2026-08-11;DESKTOP;60003;DELITOS RELATIVOS A LA VIDA E INTEGRIDAD FÍSICA ;COMPLEJO FGR;MARGOTH GUZMÁN REYES ;61389;150006;PRESENTÓ CARGA MÍNIMA EN BATERÍA CMOS, SE REQUIERE CAMBIO. 
2026-08-13;DESKTOP;60003;FLOTA VEHICULAR DEL COMPLEJO FGR;COMPLEJO FGR;IBIS CLAUDINE GRANDE;61392;150008;PRESENTO BATERIA CMOS BAJA,EQUIPO FUNCIONA CORRECTAMENTE
2026-08-21;LAPTOP;60003;DEPARTAMENTO MANTENIMIENTO;COMPLEJO FGR;ELSA DOLORES LOPEZ;61493;150008;EQUIPO EN BUEN ESTADO
2026-08-21;LAPTOP;60003;GERENCIA DE INFRAESTRUCTURA;COMPLEJO FGR;WILLIAM ENRIQUE VELASCO;61494;150008;EQUIPO EN BUEN ESTADO
2026-08-27;LAPTOP;60003;ELA;COMPLEJO FGR;HELMUT ABNER CASTILLO QUINTANILLA;61897;150007;EQUIPO EN BUEN ESTADO.
2026-08-18;LAPTOP;60003;DELITOS DE CORRUPCION;COMPLEJO FGR;EMILIO ALEJANDRO HIDALGO;62061;150005;EQUIPO EN BUEN ESTADO.
2026-08-31;LAPTOP;60003;ESPECIALIZADO DE INVESTIGACION EQUIPO N° 2;COMPLEJO FGR;ALVIN JOSE SERRANO;62571;150006;EQUIPO EN BUEN ESTADO
2026-09-23;LAPTOP;60003;SUGERENCIA DE SELECCIÓN Y DE DESARROLLO DE PERSONAL ;COMPLEJO FGR;NELSON OSWALDO PINTO MENDEZ;62576;150009;EQUIPO EN BUEN ESTADO 
2026-08-17;LAPTOP;60003;AUDITORIA INTERNA ;COMPLEJO FGR;REYNALDO OTONIEL ZEPEDA AGUILAR;62579;150009;EQUIPO EN BUEN ESTADO
2026-09-07;LAPTOP;60003;Q;COMPLEJO FGR;CLAUDIA LISSETTE SANTILLANA DE GOMEZ;62580;150006;EQUIPO EN BUEN ESTADO 
2026-09-25;LAPTOP;60003;DERECHOS HUMANOS (JEFATURA);COMPLEJO FGR;ADELA SARAVIA;62581;150005;EQUIPO EN BUEN ESTADO
2026-08-19;LAPTOP;60003;UNIDAD FISCAL ESPECIALIZADA EN EXTINCION DE DOMINIO ;COMPLEJO FGR;FABIO FIGUEROA;62585;150005;EQUIPO EN BUEN ESTADO
2026-08-10;LAPTOP;60003;DIRECCION DEL ESTADO;COMPLEJO FGR;CAROLINA BEATRIZ TORRES;62586;150005;EQUIPO EN BUEN ESTADO
2026-09-17;LAPTOP;60003;SUBGERENCIADE REGISTRL Y CONTROL DE PERSONAL;COMPLEJO FGR;ANA FRANCISCA CASTILLO DE RODRIGUEZ;62599;150005;EQUIPO EN BUEN ESTADO
2026-09-24;LAPTOP;60003;DIRECCION JURIDICA FISCAL;COMPLEJO FGR;HAZEL VERENA SARAVIA RIVAS;62600;150005;PRESENTO: DESGASTE EN CASE
2026-09-29;LAPTOP;60003;DIRECCIÓN DE LA MUJER;COMPLEJO FGR;MARÍA ZENAIDA RIVERA GÓMEZ ;62602;150009;EQUIPO EN BUEN ESTADO 
2026-09-24;LAPTOP;60003;DIRECCION JURIDICA FISCAL;COMPLEJO FGR;ANGELICA RAMIREZ CELAYA;62603;90005;EQUIPO EN BUEN ESTADO
2026-08-24;LAPTOP;60003;GERENCIA DE DIRECCION;COMPLEJO FGR;JUAN JOSE ORANTE GUTIERREZ;62606;150007;PRESENTO: RAYONES EN CARCASA, BORDE DE CARCASA QUEBRADA
2026-09-08;LAPTOP;60003;GERENCIA GENERAL;COMPLEJO FGR;XIOMARA ELIZABETH BEATRIZ MARTINEZ;62607;150006;PRESENTO FALLA EN EL CROLL DEL MOUSE 
2026-08-12;LAPTOP;60003;UNIDAD POLICIAL INSTITUCIONAL;COMPLEJO FGR;CARLA FLORENCE GERALDINE CORTEZ CHAVEZ ;62609;150009;EQUIPO EN BUEN ESTADO
2026-08-21;LAPTOP;60003;DEPARTAMENTO DE MANTENIMIENTO;COMPLEJO FGR;WALTER ANTONIO ORTIZ;62611;150006;EQUIPO EN BUEN ESTADO
2026-09-24;LAPTOP;60003;DIRECCION JURIDICA FISCAL (JEFATURA);COMPLEJO FGR;SILVIA CAROLINA BARRIENTOS ROGRIGUEZ;62613;150005;EQUIPO EN BUEN ESTADO
2026-08-21;LAPTOP;60003;ADJUNTA CONTRA LA DELICUENCIA ECONOMICA;COMPLEJO FGR;ORLANDO ISRAEL RIVAS;62615;150006;EQUIPO EN BUEN ESTADO
2026-08-12;LAPTOP;60003;FEMINICIDIO;COMPLEJO FGR;STEVE JOSE RODRIGUEZ;62636;150006;LAPTOP PRESENTA RAYONES CARCASA FRONTAL
2026-08-12;LAPTOP;60003;FEMINICIDIO ;COMPLEJO FGR;EDWIN GEOVANNI ELIAS OCHOA ;62641;150007;PRESENTO  LEVES RAYONES EN CARCASA
2026-08-11;LAPTOP;60003; GERENCIA DE INNOVACIÓN Y TECNOLOGÍA ;COMPLEJO FGR;EDWIN CRISTALES GONZÁLEZ ;62643;150008;MONITOR DE DESKTOP CON RAYONES LEVES
2026-08-26;LAPTOP;60003;GERECIA DE INGIENERIA E INGRAESTRUCTURA;COMPLEJO FGR;MAURICIO RENE CHORRO;62646;150008;PRESENTO EN LA CARCASA DEL EQUIPO RAYONES Y MANCHAS EN PANTALLA.
2026-09-09;LAPTOP;60003;VIGILANCIA PENITENCIARIA;COMPLEJO FGR;INGRID MELANY DE LUCHA;62649;150007;PRESENTO LEVES RAYONES EN LA CARCASA
2026-08-10;LAPTOP;60003;SUBDIRECCION FISCAL DE LA DEFENSORIA DE LOS INTERES DEL ESTADO;COMPLEJO FGR;MAYRA RAQUEL GUERRA;62665;150008;PRESENTO CASE RAYADO, FALTA DE GOMA DE TECLADO
2026-09-16;LAPTOP;60003;SOLUCION TEMPRANA;COMPLEJO FGR;HELLEN QUINTANILLA;62668;150007;EQUIPO EN BUEN ESTADO
2026-08-21;LAPTOP;60003;DEPARTAMENTO DE MANTENIMIENTO;COMPLEJO FGR;LUIS ERNESTO ANDRES;62669;150009;EQUIPO EN BUEN ESTADO
2026-08-28;LAPTOP;60003;SUBDIRECCION CONTRA LA CRIMINALIDAD ORGANIZADA, EEI3;COMPLEJO FGR;RAMON AYALA MARTINEZ;62670;150007;PRESENTO RAYONES EN CARCASA, EQUIPO EN BUEN ESTADO
2026-08-07;LAPTOP;60003;GERENCIA GENERAL;COMPLEJO FGR;HECTOR MERINO;62676;150006;PRESENTO DESGASTE DE LETRAS DE LAS TECLAS DEL EQUIPO
2026-08-12;LAPTOP;60003;FEMINICIDIO ;COMPLEJO FGR;YARA ELIZAMA BENITEZ ALDANA ;62678;150005;EQUIPO EN BUEN ESTADO 
2026-08-10;LAPTOP;60003;GERENCIA DE INNOVACION Y TECNOLOGIA;COMPLEJO FGR;HEISBERT ERNESTO NAVARRO ARGUETA;62704;150007;PRESENTA RAYONES NE MONITOR
2026-08-10;LAPTOP;60003;GERENCIA DE INNOVACION Y TECNOLOGIA;COMPLEJO FGR;JONATHAN LEVI REVELO SILVA;62707;150008;PRESENTO MANCHAS LEVES EN PANTALLA
2026-08-11;LAPTOP;60003;GERENCIA DE INNOVACION Y TECNOLOGIA;COMPLEJO FGR;RONALD STANLEY FLORES MENDOZA;62710;150008;PRESENTO EN PANTALLA MANCHAS LEVES
2026-08-24;LAPTOP;60003;DEPARTAMENTO DE MANTENIMIENTO;COMPLEJO FGR;HERNAN ALBERTO FLAMENCO SERRANO;62711;150006;EQUIPO EN BUEN ESTADO
2026-09-28;LAPTOP;60003;AUDITORIA FISCAL;COMPLEJO FGR;JEYNY LISSETT RIVAS OBANDO;62714;150006;PRESENTO: FALTA TORNILLO EN VENTILADOR
2026-08-17;LAPTOP;60003;DIRECCION DE LA MUJER;COMPLEJO FGR;DEBORAH RAQUEL BARRIOS DE CHACON;62715;150007;PRESENTO BORDES DE CARCASA EXTERIOR AGRIETADOS
2026-09-28;DESKTOP;60003;ACCESO A LA INFORMACION PUBLICA;COMPLEJO FGR;FLOR ALICIA DERAS ;62768;150009;EQUIPO EN BUEN ESTADO 
2026-09-25;DESKTOP;60003;ACCESO A LA INFORMACION PUBLICA;COMPLEJO FGR;MARICELY ESQUIVEL;62771;90005;EQUIPO EN BUEN ESTADO
2026-08-12;LAPTOP;60003;UAEMNA ;COMPLEJO FGR;EVELYN FRANCISCA ALAS ;63230;150006;EQUIPO EN BUEN ESTADO 
2026-08-20;LAPTOP;60003;INVESTIGACIONES ESPECIALES;COMPLEJO FGR;ALVARO CACHION;63242;150009;EQUIPO EN BUEN ESTADO
2026-09-14;LAPTOP;60003;PENAL DEL ESTADO;COMPLEJO FGR;JEFFERSON BARAHONA;63243;150007;PRESENTO LEVES RAYONES EN MONITOR  Y EN CARCASA
2026-08-18;LAPTOP;60003;UECLA;COMPLEJO FGR;EMMA IDIAN LOPEZ MAGAÑA;63244;150008;EQUIPO EN BUEN ESTADO.
2026-07-27;LAPTOP;60003;DELITO DE MEDIO AMBIENTE;COMPLEJO FGR;SANDRA DEL CARMEN CASTANEDA LOPEZ;63245;150006;EQUIPO EN BUEN ESTADO
2026-08-11;LAPTOP;60003;GERENCIA DE INNOVACION Y TECNOLOGIA;COMPLEJO FGR;CESAR ARMANDO ARIAS;63246;150009;EQUIPO EN BUEN ESTADO
2026-09-24;LAPTOP;60003;ADJUNTA PARA ASUNTOS INTERNACIONALES;COMPLEJO FGR;LIGIA ELENA SARABIA BERNAL;63248;150006;PRESENTO: GOLPES EN EL CASE DEL EQUIPO
2026-09-04;LAPTOP;60003;CIVIL;COMPLEJO FGR;VICTOR ALEXANDER AREVALO RODRIGUEZ;63261;150007;PRESENTO: RAYONES EN MONITOR
2026-07-29;LAPTOP;60003;CIVIL;COMPLEJO FGR;PATRICIA MARIA CAMPOS;63262;150007;PRESENTO RESIDUOS DE PEGAMENTO DE TIRO EN MONITOR
2026-09-24;LAPTOP;60003;DIRECCION JURIDICA FISCAL;COMPLEJO FGR;THELMA ESPERANZA CASTANEDA DE MONROY;63267;150008;PRESENTO GOLPE EN LA PANTALLA EN LADO DERECHO
2026-07-29;LAPTOP;60003;CIVIL;COMPLEJO FGR;MARIA MAGDALENA MARTINEZ VASQUEZ;63270;150005;EQUIPO EN BUEN ESTADO
2026-09-28;LAPTOP;60003;AUDITORIA FISCAL;COMPLEJO FGR;ESTEFANY PANIAGUA;63276;150007;PRESENTO BATERIA CMOS BAJA CON 1.84V 
2026-08-31;LAPTOP;60003;PENDIENTE;COMPLEJO FGR;MARTA MARTINEZ;63329;150007;EQUIPO EN BUEN ESTADO
2026-08-10;LAPTOP;60003;SUBGERENCIA DE PROYECTOS;COMPLEJO FGR;MARTA ELENA QUINRTANILLA;63330;150005;PRESENTO FALTA DE TORNILLO DE LA BATERIA
2026-09-11;LAPTOP;60003;PLANIFICACIÓN Y PROYECTOS ;COMPLEJO FGR;SERGIO CUENCA ;63331;150009;EQUIPO EN BUEN ESTADO 
2026-08-10;LAPTOP;60003;SUBGERENCIA DE PROYECTOS;COMPLEJO FGR;RICARDO AQUILES DIAZ CASTILLO;63332;150005;PRESENTO FALTA DE TAPADERA QUE CUBREN LAS BATERIA EN TECLADO
2026-07-31;LAPTOP;60003;SUBGERENCIA DE PROCESOS;COMPLEJO FGR;KATERIN ALEJANDRA ANGEL CRESPIN;63333;150008;EQUIPO EN BUEN ESTADO
2026-08-11;LAPTOP;60003;SUGERENCIA PROYECTOS Y PROCESOS ;COMPLEJO FGR;SERGIO LIONEL CUENCA CHEVEZ ;63334;150009;EQUIPO EN BUEN ESTADO. 
2026-08-10;LAPTOP;60003;SUBGERENCIA DE PROYECTOS;COMPLEJO FGR;ADRIANA ESTHER ORELLANA;63335;150009;EQUIPO EN BUEN ESTADO
2026-08-10;LAPTOP;60003;SUBGERENCIA DE PROYECTOS;COMPLEJO FGR;LIZ IVANIA SOTO FLORES;63336;150007;PRESENTO FALTA UN TORNILLO EN CASE
2026-08-13;DESKTOP;60003;DEPARTAMENTO DE COMUNICACION INTERNA;COMPLEJO FGR;KENYA ABIGAIL RAMOS SANCHEZ;63496;150006;EQUIPO EN BUEN ESTADO, LIMPIEZA EXTERNA
2026-08-27;LAPTOP;60003;ELA;COMPLEJO FGR;WILSON ZALDIVAR;63582;150008;EQUIPO EN BUEN ESTADO.
2026-07-28;LAPTOP;60003;DELITOS DE ADMINISTRACION DE JUSTICIA;COMPLEJO FGR;JOSE VLADIMIR JIMENEZ;64062;150006;EQUIPO EN BUEN ESTADO
2026-08-19;LAPTOP;60003;INVESTIGACIONES ESPECIALES;COMPLEJO FGR;ROXANA SARAI ACOSTA MALDONADO;64063;150007;PRESENTO LEVES ABOLLADURAS EN CARCASA, Y LEVE RAYON EN EL MONITOR
2026-08-12;LAPTOP;60003;FEMINICIDIO ;COMPLEJO FGR;JULIO ALBERTO MAGAÑA REYES ;64066;150006;EQUIPO EN BUEN ESTADO 
2026-08-27;LAPTOP;60003;NARCOTRAFICO;COMPLEJO FGR;KARLA MARCELA CARTAGENA;64067;150007;PRESENTO PIEZA FALTANTE DE TECLADO EN LA PARTE DE BATERIA.
2026-09-28;LAPTOP;60003;AUDITORIA FISCAL ;COMPLEJO FGR;VILMA GUARDADO;64247;120005;EQUIPO SE ENCONTRABA MAL CERRADO, TAMBIÉN PRESENTA GOLPE EN LATERAL IZQUIERDO 
2026-07-28;LAPTOP;60003;CUENTAS Y MULTAS;COMPLEJO FGR;MAYRA B. DOMINGUEZ;64256;150008;PRESENTO FALTA DE UN PAR DE TORNILLOS DE BATERIA E SOPORTE DE TECLADO NO SE ENCONTRO 
2026-07-28;LAPTOP;60003;CUENTAS Y MULTAS;COMPLEJO FGR;FRANCISCO EDUARDO HERNANDEZ LARREYNAGA;64258;150005;EQUIPO EN BUEN ESTADO
2026-09-14;LAPTOP;60003;DELITOS RELATIVOS A LA VIDA E INTEGRIDAD FISICA;COMPLEJO FGR;ELSY FLORES ;64261;150009;EQUIPO EN BUEN ESTADO 
2026-08-12;LAPTOP;60003;UAEMNA ;COMPLEJO FGR;CARLOS ERNESTO SOLANO TRIGUEROS ;64268;150007;ABOYADURAS EN CARCASA LAPTOP 
2026-07-29;LAPTOP;60003;INTERESES DEL ESTADO;COMPLEJO FGR;FATIMA NAVAS;64273;150007;EQUIPO EN BUEN ESTADO
2026-08-13;LAPTOP;60003;GESTION AMBIENTAL;COMPLEJO FGR;LESLIE IRENE MARTINEZ;64275;150005; EQUIPO EN BUEN ESTADO
2026-09-11;LAPTOP;60003;DELITO DE MEDIO AMBIENTE;COMPLEJO FGR;MARIA DEISY MENJIVAR POCASANGRE;64277;150006;PRESENTO LEVE ABOLLADURA EN CASE.
2026-07-29;LAPTOP;60003;CIVIL;COMPLEJO FGR;FERNANDO ENRIQUE LOPEZ MENDOZA;64278;150006;EQUIPO EN BUEN ESTADO
2026-08-12;LAPTOP;60003;UEIF;COMPLEJO FGR;SANDRA YESENIA FLORES;64280;150009;EQUIPO EN BUEN ESTADO
2026-08-12;LAPTOP;60003;FEMINICIDIO ;COMPLEJO FGR;ROBERTO CARLOS COTO CABRERA ;64281;150005;"PRESENTO FALTA DE SOPORTE TECLADO (PARTE IZQUIERDA)
EQUIPO EN BUEN ESTADO "
2026-08-12;LAPTOP;60003;FEMINICIDIO;COMPLEJO FGR;JENNIFER GUADALUPE GONZALEZ ALFARO;64282;150005;EQUIPO EN BUEN ESTADO
2026-09-28;LAPTOP;60003;AUDITORIA FISCAL;COMPLEJO FGR;XENIA LISSETTE DEL SOCORRO LINARES RODRIGUEZ;64295;120005;EQUIPO PRESENTÓ ABOLLADURAS EN ESQUINAS
2026-09-18;LAPTOP;60003;PATRIMONIO PRIVADO Y PROPIEDAD INTELECTUAL;COMPLEJO FGR;EFRAIN FLORES GONZALEZ;64300;150006;EQUIPO EN BUEN ESTADO 
2026-09-17;LAPTOP;60003;PATRIMONIO;COMPLEJO FGR;FELIPE VELAZQUEZ;64302;150005;PRESENTO: GOLPES EN CASE EXTERNO
2026-09-21;LAPTOP;60003;PATRIMONIO PRIVADO Y PROPIEDAD INTELECTUAL;COMPLEJO FGR;ALBERTO ALEXANDER CISNERO;64303;150007;EQUIPO EN BUEN ESTADO
2026-09-01;LAPTOP;60003;COMPRAS PUBLICAS;COMPLEJO FGR;KEVIN ARNOLD LUNA GARCIA;64306;150007;EQUIPO EN BUEN ESTADO
2026-09-01;LAPTOP;60003;COMPRAS PUBLICAS;COMPLEJO FGR;CLAUDIA PATRICIA GOMEZ DE CARRANZA;64307;150009;EQUIPO EN BUEN ESTADO
2026-09-17;LAPTOP;60003;DIRECCION DE LOS INTERESES DE LA SOCIEDAD ZONA 1;COMPLEJO FGR;JENIFER ARAUJO;64309;90005;EL EQUIPO SE ENTREGA AL USUARIO EN ÓPTIMAS CONDICIONES DE LIMPIEZA Y EN FUNCIONAMIENTO.
2026-09-24;LAPTOP;60003;ADJUNTA PARA ASUNTOS INTERNACIONALES ;COMPLEJO FGR;CESAR ALEXANDER SALINAS ORELLANA;64310;150008;PRESENTO FALYTA DE TORNILLO DE BATERIA E GOLPES EN ESQUINAS DE EQUIPO
2026-08-13;LAPTOP;60003;DELITOS RELATIVOS A LA VIDA E INTEGRIDAD FISICA;COMPLEJO FGR;VICTOR ANDRES ;64311;150008;PRESENTO GOMAS DE BASE DESPEGADAS, EQUIPO FUNCIONA CORRECTAMENTE 
2026-09-18;LAPTOP;60003;REGIMEN DE EXCEPCION G5;COMPLEJO FGR;MICHELLE GUADALUPE PEÑA VASQUEZ;64314;150006;EQUIPO EN BUEN ESTADO 
2026-08-13;LAPTOP;60003;UAEMNA;COMPLEJO FGR;PAOLA LINETTE IBERRA;64318;150006;EQUIPO EN BUEN ESTADO
2026-09-24;LAPTOP;60003;FISCAL ELECTORAL;COMPLEJO FGR;ROXANA GUADALUPE MOLINA ROSALES;64323;120005;EQUIPO EN BUEN ESTADO
2026-09-28;LAPTOP;60003;FISCAL ELECTORAL;COMPLEJO FGR;ALMA ELIZABETH CAMPOS DE HERNANDEZ;64328;120005;PRESENTO: GOLPES EN CASE
2026-09-18;LAPTOP;60003;JEFE DE DEPARTAMENTO DE TRANSPORTE;COMPLEJO FGR;RAFAEL MARTINEZ;64329;120005;EQUIPO EN BUEN ESTADO
2026-07-30;LAPTOP;60003;PENAL DEL ESTADO;COMPLEJO FGR;YOLANDA DUBAN;64334;120005;PRESENTO EN TECLADO FALTA DE SOPORTE
2026-07-27;LAPTOP;60003;DELITOS DE ADMINISTRACION DE JUSTICIA;COMPLEJO FGR;KARLA CRISTINA PREZO;64335;120005;EQUIPO EN BUEN ESTADO
2026-07-27;LAPTOP;60003;DELITOS DE ADMINISTRACION DE JUSTICIA;COMPLEJO FGR;JOSSELINE JIMENEZ CORTEZ;64336;120005;EQUIPO EN BUEN ESTADO
2026-08-19;LAPTOP;60003;INVESTIGACIONES ESPECIALES;COMPLEJO FGR;GABRIEL ALEJANDRO CARTAGENA ACOSTA;64337;120005;PRESENTO FALLO EN ALGUNAS TECLAS, RAYONES EN CARCASA
2026-09-25;LAPTOP;60003;DERECHOS HUMANOS;COMPLEJO FGR;MARCOS ANTONIO AQUINO MEJIA;64341;120005;EQUIPO EN BUEN ESTADO
2026-07-29;LAPTOP;60003;IMPUESTOS;COMPLEJO FGR;LUIS DAVID URBINA;64342;120005;EQUIPO EN BUEN ESTADO
2026-07-27;LAPTOP;60003;DELITO DE MEDIO AMBIENTE;COMPLEJO FGR;KEVINEDGARDO MARTINEZ;64343;120005;EQUIPO EN BUEN ESTADO
2026-09-18;LAPTOP;60003;OFICIALIA DE CUMPLIMIENTO;COMPLEJO FGR;CARLOS MARIO GODINES FLORES ;64346;120005;EQUIPO EN BUEN ESTADO 
2026-09-10;LAPTOP;60003;VIGILANCIA PENITENCIARIA;COMPLEJO FGR;DAYSI CAROLINA ARDON ALVARENGA;64349;120005;EQUIPO EN BUEN ESTADO
2026-08-27;LAPTOP;60003;FISCAL ESPECIALIZADA DE TRAFICO ILEGAL Y TRATA DE PERSONAS;COMPLEJO FGR;GUILLERMO BLADIMIR LOPEZ;64350;120005;EQUIPO EN BUEN ESTADO
2026-09-14;LAPTOP;60003;PENAL DE ESTADO;COMPLEJO FGR;CARLOS MARVIN HERNÁNDEZ;64388;120005;EQUIPO EN BUEN ESTADO 
2026-09-21;DESKTOP;60003;DEPARTAMENTO DE SELECCIÓN DE PERSONAL;COMPLEJO FGR;DAVID ERNESTO ALVERENGA ;64470;120005;EQUIPO EN BUEN ESTADO 
2026-08-11;DESKTOP;60003;DELITOS RELATIVOS A LA VIDA E INTEGRIDAD FÍSICA ;COMPLEJO FGR;MARGOTH GUZMÁN REYES ;64614;120005;EQUIPO EN BUEN ESTADO 
2026-09-25;DESKTOP;60003;DERECHOS HUMANOS;COMPLEJO FGR;TANIA REBECA HERNANDEZ ANAYA;64753;120005;EQUIPO EN BUEN ESTADO
2026-08-14;LAPTOP;60003;GERENCIA DE COOPERACIÓN ;COMPLEJO FGR;VALERIA MICHELLE TURCIOS TORREZ;65208;120005; ESQUINAS DE LA CARCASA CON GOLPES, FALTA DE TORNILLOS.
2026-08-14;LAPTOP;60003;GERENCIA DE COOPERACIÓN ;COMPLEJO FGR;NELSON ALEJANDRO MORAN SAINZ;65209;120005;PRESENTO: BASE TECLADO DAÑADA, TECLA CONTROL PARTE INFERIOR IZQUIERDA DAÑADA
2026-08-20;DESKTOP;60003;ESPECIALIZADA EN EXTINCION DE DOMINIO;COMPLEJO FGR;MARTA ALAS;65233;120005;PRESENTO DAÑO EN EL PANEL FRONTAL
2026-08-12;LAPTOP;60003;;COMPLEJO FGR;KIMBERLYN LISBETH MENJIVAR DÍAZ;65615;120005;EQUIPO EN BUEN ESTADO
2026-08-21;LAPTOP;60003;PENDIENTE;COMPLEJO FGR;PENDIENTE;65617;120005;PRESENTO DESCONEXION DE VENTILADOR Y DESGASTE EN LAS TECLAS DEL EQUIPO
2026-08-31;LAPTOP;60003;SUBDIRECCION CONTRA LA CRIMINALIDAD ORGANIZADA;COMPLEJO FGR;RAUL ANDRES RODRIGUEZ;65619;120005;EQUIPO EN BUEN ESTADO
2026-09-21;LAPTOP;60003;FISCAL DE LA DEFENSA DE LOS INTERESES DE LA SOCIEDAD ;COMPLEJO FGR;SARA VAZQUEZ;65621;120005;EQUIPO EN BUEN ESTADO 
2026-08-28;LAPTOP;60003;SUBDIRECCION CONTRA LA CRIMINALIDAD ORGANIZADA, EEI3;COMPLEJO FGR;SANDRA ESMERALDA ;65622;120005;PRESENTO RAYONES EN CARCASA, EQUIPO EN BUEN ESTADO
2026-07-28;LAPTOP;60003;DELITOS DE ADMINISTRACION DE JUSTICIA;COMPLEJO FGR;JOSE MIGUEL FLORES;65623;120005;PRESENTO EXCESO DE PASTA TERMICA
2026-08-24;LAPTOP;60003;GERENCIA DE INFRAESTRUCTURA;COMPLEJO FGR;JOSE ALCIDES LEIVA IBARRA;66750;120005;EQUIPO EN BUEN ESTADO
2026-08-10;LAPTOP;60003;GERENCIA DE INNOVACION Y TECNOLOGIA;COMPLEJO FGR;KEVIN AMILCAR LOPEZ TRUJILLO;66751;120005;EQUIPO EN BUEN ESTADO
2026-08-21;LAPTOP;60003;DEPARTAMENTO MANTENIMIENTO;COMPLEJO FGR;ALMA AMERICA TOBAR;66752;120005;EQUIPO EN BUEN ESTADO
2026-09-01;LAPTOP;60003;COMPRAS PUBLICAS;COMPLEJO FGR;MANUEL DE JESUS GODIN;67240;120005;EQUIPO EN BUEN ESTADO
2026-08-13;LAPTOP;60003;PRENSA;COMPLEJO FGR;LORENA IBETH MENDOZA RIVERA;67242;120005;EQUIPO EN BUEN ESTADO
2026-07-30;LAPTOP;60003;PENAL DEL ESTADO;COMPLEJO FGR;ARIEL OMAR ESCOBAR SIGUENZA;67243;120005;EQUIPO EN BUEN ESTADO
2026-08-18;LAPTOP;60003;EXTENCION DE DOMINIO;COMPLEJO FGR;MARCO ANTONIO FUENTES PEÑA;67245;120005;EQUIPO EN BUEN ESTADO.
2026-09-24;LAPTOP;60003;ADJUNTA PARA ASUNTOS INTERNACIONALES ;COMPLEJO FGR;JEANNY BEATRIZ SERMEÑO DE ALVARADO;67247;120005;PRESENTO RAYONES EN CASE
2026-09-24;LAPTOP;60003;ADJUNTA PARA ASUNTOS INTERNACIONALES;COMPLEJO FGR;AQUILES ROBERTO PARADA MARROQUIN;67249;120005;EQUIPO EN BUEN ESTADO
2026-09-25;LAPTOP;60003;DERECHOS HUMANOS;COMPLEJO FGR;CLAUDIA SOFIA MEMBREÑO GUEVARA;67250;120005;EQUIPO EN BUEN ESTADO
2026-09-01;LAPTOP;60003;SUBGERENCIA DE PRESUPUESTO;COMPLEJO FGR;WILSON PEREZ;67251;120005;EQUIPO EN BUEN ESTADO
2026-09-01;LAPTOP;60003;SUBGERENCIA DE PRESUPUESTO;COMPLEJO FGR;RONALD PAUL AMAYA RODAS;67252;120005;EQUIPO EN BUEN ESTADO
2026-08-11;LAPTOP;60003;SUGERENCIA DE PLANIFICACIÓN DE PROYECTOS ;COMPLEJO FGR;JORGE HUMBERTO MARTÍNEZ ;67253;120005;EQUIPO EN BUEN ESTADO. 
2026-09-01;LAPTOP;60003;SUBGERENCIA DE PRESUPUESTO;COMPLEJO FGR;KAREN XIOMARA ROJAS;67255;120005;PRESENTO: CINTA ADHESIVA EN BASE MONITOR
2026-09-07;LAPTOP;60003;GERENCIA GENERAL;COMPLEJO FGR;GABRIELA MARIA RUBIO ROSALES;67257;120005;PRESENTO LEVES RAYONES EN LA CARCASA, EQUIPO EN BUEN ESTADO
2026-08-18;LAPTOP;60003;CONTRA LAVADOS DE ACTIVOS;COMPLEJO FGR;SULMA ANGELY MELENDEZ MARTINEZ;67259;120005;EQUIPO EN BUEN ESTADO.
2026-09-21;LAPTOP;60003;DESARROLLO DE PERSONAL;COMPLEJO FGR;BRENDA HERNÁNDEZ;67261;120005;EQUIPO EN BUEN ESTADO
2026-08-13;LAPTOP;60003;PRENSA;COMPLEJO FGR;ANDREA FERNANDA MARTINEZ POCASANGRE;67270;120005;EQUIPO WN BUEN ESTADO, LIMPIEZA EXTERNA
2026-09-18;LAPTOP;60003;DEPARTAMENTO DESARROLLO DE PERSONAL ;COMPLEJO FGR;MERYL LISSETT DE LEON;67272;120005;EQUIPO EN BUEN ESTADO 
2026-08-12;LAPTOP;60003;UNIDAD POLICIAL INSTITUCIONAL;COMPLEJO FGR;MARCELA ALEJANDRA BURGOS;67273;120005;EQUIPO EN BUEN ESTADO
2026-07-29;LAPTOP;60003;CIVIL;COMPLEJO FGR;RAUL MARTINEZ MEDNOZA;67275;120005;EQUIPO EN BUEN ESTADO
2026-08-12;LAPTOP;60003;UAEMNA ;COMPLEJO FGR;BEATRIZ EUGENIA MORÁN VÁZQUEZ ;67276;120005;"EQUIPO EN BUEN ESTADO 
LIMPIEZA EXTERNA"
2026-08-13;DESKTOP;60003;UAEMNA;COMPLEJO FGR;ELENA MARIA PINEDA;67277;120005;EQUIPO EN BUEN ESTADO
2026-09-18;LAPTOP;60003;OFICIALIA DE CUMPLIMIENTO ;COMPLEJO FGR;CHRISTIAN DE PAZ;67279;120005;EQUIPO EN BUEN ESTADO 
2026-08-10;LAPTOP;60003;GERENCIA DE INNOVACION YTECNOLOGIA;COMPLEJO FGR;ALEXIS GARCIA;67282;120005;EQUIPO EN BUEN ESTADO
2026-08-11;LAPTOP;60003;GERENCIA DE INNOVACIÓN Y TECNOLOGÍA ;COMPLEJO FGR;ALESSANDRA YASMIN MANCIA GONZALEZ;67287;120005;EQUIPO EN ESTADO 
2026-09-18;LAPTOP;60003;OFICIALIA DE CUMPLIMIENTO;COMPLEJO FGR;SILVIA IVANIA GALES MENJIVAR;67288;120005;EQUIPO EN BUEN ESTADO 
2026-08-11;LAPTOP;60003;GERENCIA DE INNOVACIÓN Y TECNOLOGÍA ;COMPLEJO FGR;JARA MICHELLE ;67291;120005;EQUIPO EN BUEN ESTADO. 
2026-07-29;LAPTOP;60003;CIVIL;COMPLEJO FGR;;67294;120005;PRESENTO EN CASE DESGASTE DE USO E MONITOR CON RAYONES 
2026-08-11;LAPTOP;60003;DEPARTAMENTO ATENCIÓN USUARIO (JEFATURA) ;COMPLEJO FGR;RAFAEL ALFONSO ROMERO GUEVARA ;67296;120005;PRESENTÓ FALLO EN EL PUERTO USB DEL EQUIPO, LEVES PARTES DAÑADAS (RAYONES) EN LA PANTALLA DEL LA LAPTOP. 
2026-08-19;LAPTOP;60003;UNIDAD ESPECIALIZADA CONTRA LAVADO DE ACTIVOS;COMPLEJO FGR;ALMA DORANA PEÑATE;67304;120005;PRESENTO RAYONES EN CARCASA, EQUIPO EN BUEN ESTADO
2026-08-20;LAPTOP;60003;ESPECIALIZADA CONTRA EL LAVADO DE ACTIVOS;COMPLEJO FGR;SULMA ;67305;120005;PRESENTO FALTA DE SOPORTE DE TECLADO
2026-08-25;ESCANER;60003;EXTINCION DE DOMINIO;COMPLEJO FGR;FRANKLIN AMAYA;67323;120005;EQUIPO EN BUEN ESTADO
2026-07-28;LAPTOP;60003;DELITO DE MEDIO AMBIENTE;COMPLEJO FGR;WENDY CAROLINA ALAS CABALLERO;67695;120005;PRESENTO EXCESO DE PASTA TERMICA
2026-09-01;LAPTOP;60003;FINANCIERA INSTITUCIONAL;COMPLEJO FGR;SALVADOR ALEXANDER GABRIEL AREVALO;68330;120005;EQUIPO EN BUEN ESTADO
2026-09-24;LAPTOP;60003;DIRECCION JURIDICA FISCAL;COMPLEJO FGR;ROXANA BEATRIZ SALGUERO;68331;120005;EQUIPO EN BUEN ESTADO
2026-09-24;LAPTOP;60003;CONTRATOS DEL ESTADO;COMPLEJO FGR;LUZ IRAHETA;68344;120005;EQUIPO EN BUEN ESTADO
2026-09-24;LAPTOP;60003;CONTRATOS DEL ESTADO;COMPLEJO FGR;GILMA DEL CARMEN LARRAMA LEMUS;68345;120005;EQUIPO EN BUEN ESTADO
2026-09-17;LAPTOP;60003;PATRIMONIO PRIVADO Y PROPIEDAD INTELECTUAL;COMPLEJO FGR;JOSE PEDRO RAMOS RIVERA;68348;120005;EQUIPO EN BUEN ESTADO 
2026-09-17;LAPTOP;60003;PATRIMONIO PRIVADO Y PROPIEDAD INTELECTUAL;COMPLEJO FGR;WILFREDO SAMOLE GARCÍA PORTILLO ;68354;120005;EQUIPO EN BUEN ESTADO 
2026-09-18;LAPTOP;60003;PATRIMONIO PRIVADO;COMPLEJO FGR;CLAUDIA CASTRO;68355;120005;EL EQUIPO SE ENTREGA EN ESTADO PLENAMENTE OPERATIVO.
2026-07-30;LAPTOP;60003;PENAL DEL ESTADO;COMPLEJO FGR;PAOLA MARIA GARCIA VALDIVIESO;68380;120005;EQUIPO EN BUEN ESTADO
2026-09-16;LAPTOP;60003;RÉGIMEN G5;COMPLEJO FGR;Steve samour;68384;120005;EQUIPO EN BUEN ESTADO 
2026-08-11;LAPTOP;60003;DELITOS RELATIVOS A LA VIDA E INTEGRIDAD FÍSICA ;COMPLEJO FGR;LORENA YANET IGLESIAS ;68385;120005;EQUIPO EN BUEN ESTADO 
2026-09-17;LAPTOP;60003;GRUPO G5;COMPLEJO FGR;JOSE LUIS ORTIZ;68386;120005;EQUIPO EN BUEN ESTADO 
2026-09-25;DESKTOP;60003;CONTRATOS DEL ESTADO;COMPLEJO FGR;CLAUDIA MICHELE MATA SUNCION;68394;120005;EQUIPO EN BUEN ESTADO
2026-08-13;DESKTOP;60003;PRENSA;COMPLEJO FGR;DANIEL ISAAC ELIAS ;68402;120005;EQUIPO EN BUEN ESTADO
2026-08-13;DESKTOP;60003;FLOTA VEHICULAR DEL COMPLEJO FGR;COMPLEJO FGR;ESTEFANIA GUILLEN;68404;120005;PRESENTO CARCASA QUEBRADA EN CPU
2026-09-24;DESKTOP;60003;CONTRATOS DEL ESTADO;COMPLEJO FGR;SANDRA ELIZABETH PEREZ PANAMEÑO;68407;120005;PRESENTO EXCESO DE PASTA
2026-09-25;DESKTOP;60003;CONTRATOS DEL ESTADO;COMPLEJO FGR;DINA VICTORIA MEJIA MARIN;68409;120005;EQUIPO EN BUEN ESTADO
2026-09-24;DESKTOP;60003;CONTRATOS DEL ESTADO;COMPLEJO FGR;CLAUDIA DE CORTEZ;68411;120005;EQUIPO EN BUEN ESTADO.
2026-08-12;LAPTOP;60003;UAEMNA ;COMPLEJO FGR;ERIKA MELGAR ;68447;120005;GOLPE LEVE EN LA CARCASA PANTALLA LAPTOP 
2026-08-14;LAPTOP;60003;DEPARTAMENTO DE TRANSPORTE ;COMPLEJO FGR;EDMERSSON ROBERTO ZARCEÑO CARTAGENA;68448;120005;EQUIPO EN BUEN ESTADO
2026-09-16;LAPTOP;60003;REGIMEN G5;COMPLEJO FGR;ANA CRISTINA MORAN MORALES;68740;120005;EQUIPO EN BUEN ESTADO
2026-09-17;LAPTOP;60003;RÉGIMEN G5;COMPLEJO FGR;WILFREDO EDUARDO SOSA GONZÁLEZ ;68741;120005;EQUIPO EN BUEN ESTADO 
2026-09-18;LAPTOP;60003;REGIMEN DE EXCEPCION G5;COMPLEJO FGR;HARIM MAIRELA MORATAYA DE TREJO;68743;120005;EQUIPO EN BUEN ESTADO
2026-09-18;LAPTOP;60003;GRUPO G5;COMPLEJO FGR;CLARA AREVALO;68744;120005;USUARIO MENCIONA QUE EL CARGADOR DEL EQUIPO NO FUNCIONA CORRECTAMENTE. ADEMAS, EQUIPO PRESENTO RAYONES EN LA PARTE INFERIOR IZQUIERDA DE LA PANTALLA. 
2026-09-17;LAPTOP;60003;RÉGIMEN G5;COMPLEJO FGR;EVELYN VERÓNICA FLORES CALDERÓN DE GARCÍA ;68745;120005;EQUIPO EN BUEN ESTADO 
2026-09-17;LAPTOP;60003;GRUPO G5;COMPLEJO FGR;WALTER GEOVANI MARTINEZ;68746;120005;EQUIPO EN BUEN ESTADO 
2026-09-17;LAPTOP;60003;RÉGIMEN G5;COMPLEJO FGR;MARLENY BEATRIZ CASTRO DE DIAS;68748;120005;EQUIPO EN BUEN ESTADO 
2026-09-16;LAPTOP;60003;PATRIMONIO PRIVADO Y PROPIEDAD INTELECTUAL;COMPLEJO FGR;ALFREDO ALEJANDRO RIVERA FLORES;69155;120005;EQUIPO EN BUEN ESTADO 
2026-09-18;LAPTOP;60003;PATRIMONIO PRIVADO Y PROPIEDAD INTELECTUAL;COMPLEJO FGR;NUBIA YAMILETH LÓPEZ GONZÁLEZ ;69157;120005;EQUIPO EN BUEN ESTADO 
2026-09-16;LAPTOP;60003;PATRIMONIO PRIVADO Y PROPIEDAD INTELECTUAL;COMPLEJO FGR;KELLY GERALDINA ARIAS RODRIGUEZ ;69158;120005;EQUIPO EN BUEN ESTADO 
2026-09-17;LAPTOP;60003;PATRIMONIO PRIVADO Y PROPIEDAD INTELECTUAL;COMPLEJO FGR;SAMAEL ANTONIO VENTURA HERNÁNDEZ ;69161;120005;EQUIPO EN BUEN ESTADO 
2026-09-16;LAPTOP;60003;PATRIMONIO PRIVADO Y PROPIEDAD INTELECTUAL;COMPLEJO FGR;KRISSIA GABRIELA DIMAS FLORES;69162;120005;EQUIPO EN BUEN ESTADO 
2026-09-10;LAPTOP;60003;CIBERCRIMEN;COMPLEJO FGR;RICARDO ALBERTO RAMIREZ RAMOS;69163;120005;EQUIPO EN BUEN ESTADO 
2026-09-18;LAPTOP;60003;CIBERCRIMEN;COMPLEJO FGR;JEANNETTE ALEXANDRA BARAHONA;69164;120005;PRESENTO CINTA EN CAMARA 
2026-09-21;LAPTOP;60003;PATRIMONIO PRIVADO;COMPLEJO FGR;DANIEL FERNANDO CORDON;69165;120005;EQUIPO EN BUEN ESTADO 
2026-09-16;LAPTOP;60003;PATRIMONIO PRIVADO Y PROPIEDAD INTELECTUAL;COMPLEJO FGR;CESILIA MAGDALENA PALACIOS HENRIQUEZ;69168;120005;EQUIPO EN BUEN ESTADO 
2026-09-16;LAPTOP;60003;CIBERCRIMEN;COMPLEJO FGR;KAREN RIVERA;69169;120005;EQUIPO EN BUEN ESTADO 
2026-09-21;LAPTOP;60003;CIBERCRIMEN;COMPLEJO FGR;JORGE ADRIAN VEGA;69171;120005;PRESENTO RAYONES EN EL TOUCHPAD
2026-09-17;LAPTOP;60003;PATRIMONIO PRIVADO Y PROPIEDAD INTELECTUAL;COMPLEJO FGR;ALEXANDRA OLIVARES ;69172;120005;EQUIPO EN BUEN ESTADO 
2026-09-24;LAPTOP;60003;ADJUNTA PARA ASUNTOS INTERNACIONALES;COMPLEJO FGR;ARIANA ESTEPHANY FLORES DERAS;69578;120005;EQUIPO EN BUEN ESTADO
2026-08-27;LAPTOP;60003;JEFATURA UTIP;COMPLEJO FGR;ESTHER SERRANO SALGUERO;69666;120005;EQUIPO EN BUEN ESTADO
2026-08-27;LAPTOP;60003;PENDIENTE;COMPLEJO FGR;OSCAR RODOLFO ;69667;120005;EQUIPO EN BUEN ESTADO
2026-09-10;LAPTOP;60003;SOLUCIÓN TEMPRANA ;COMPLEJO FGR;ALESSIA ESTEFANI HERRERA MENJIVAR ;69668;120005;EQUIPO EN BUEN ESTADO 
2026-08-28;LAPTOP;60003;SUBDIRECCION CONTRA LA CRIMINALIDAD ORGANIZADA, EEI2;COMPLEJO FGR;BRENDA YANETH VAZQUEZ MORENO;69669;120005;EQUIPO EN BUEN ESTADO 
2026-08-27;LAPTOP;60003;TRAFICO ILEGAL Y TRATO DE PERSONAS;COMPLEJO FGR;JOSE ORLANDO PERAZA;69670;120005;EQUIPO EN BUEN ESTADO
2026-09-28;LAPTOP;60003;AUDITORIA FISCAL;COMPLEJO FGR;RICARDO EMILIO CRUZ NAVARRO;69671;120005;EQUIPO EN BUEN ESTADO
2026-08-27;LAPTOP;60003;ESPECIALIZADA DE TRAFICO ILEGAL Y TRATA DE PERSONAS;COMPLEJO FGR;JOSE ROSA CORTEZ OSEGUEDA;69672;120005;EQUIPO EN BUEN ESTADO
2026-08-27;LAPTOP;60003;TRAFICO ILEGAL Y TRATA DE PERSONAS;COMPLEJO FGR;MARGARITA XIOMARA ROMERO;69673;120005;EQUIPO EN  BUEN ESTADO
2026-08-27;LAPTOP;60003;TRAFICO ILEGAL Y TRATA DE PERSONAS ;COMPLEJO FGR;LILIAN LIVETTE DE PREZA;69674;120005;EQUIPO EN BUEN ESTADO
2026-08-27;LAPTOP;60003;ESOECIALIZADA EN DELITOS DE TRAFICO Y TRATO DE PERSONAS ;COMPLEJO FGR;JORGE ISAIAS GUZMAN URQUIZA;69675;120005;EQUIPO EN BUEN ESTADO.
2026-08-27;LAPTOP;60003;ESPECIALIZADA EN DELITOS DE TRAFICO DE ILEGAAL Y TRATA DE PERSONAS;COMPLEJO FGR;OSCAR EDUARDO HERNANDEZ BELTRAN;69676;120005;EQUIPO EN BUEN ESTADO
2026-08-27;LAPTOP;60003;JEFATURA UTIP;COMPLEJO FGR;ESTHER SERRANO SALGUERO;69677;120005;EQUIPO EN BUEN ESTADO
2026-08-27;LAPTOP;60003;PENDIENTE ;COMPLEJO FGR;SOFIA GISELLE ROMERO RIVERA;69680;120005;EQUIPO EN BUEN ESTADO.
2026-08-31;LAPTOP;60003;ESPECILIZADA  DELITOS DE TRAFICO Y TRATO DE PERSONA;COMPLEJO FGR;MARTA AMAYA;69681;120005;EQUIPO EN BUEN ESTADO
2026-08-19;LAPTOP;60003;ESPECIALIZADA EN DELITOS DE CORRUPCION;COMPLEJO FGR;STEVE FRANTON LEON MARTINEZ;70206;120005;EQUIPO EN BUEN ESTADO
2026-08-20;LAPTOP;60003;ESPECIALIZADA CONTRA EL LAVADO DE ACTIVOS;COMPLEJO FGR;ELMER ALFREDO ;70212;120005;EQUIPO EN BUEN ESTADO
2026-08-26;LAPTOP;60003;ELA (ARGOZ);COMPLEJO FGR;WILLIAM RICARDO REYES BEJARANO);70213;120005;EQUIPO EN BUEN ESTADO
2026-08-21;LAPTOP;60003;INVESTIGACIONES ESPECIALES;COMPLEJO FGR;LUIS ARTURO CHAVEZ;70215;120005;EQUIPO EN BUEN ESTADO
2026-08-21;LAPTOP;60003;ESPECIALIZADA CONTRA EL LAVADO DE ACTIVOS;COMPLEJO FGR;MARIO ERNESTO VENTURA;70216;120005;EQUIPO EN BUEN ESTADO
2026-08-21;LAPTOP;60003;ESPECIALIZADA CONTRA EL LAVADO DE ACTIVO;COMPLEJO FGR;FRANCISCO ARMANDO ASTORGA HURTADO;70217;120005;EQUIPO EN BUEN ESTADO
2026-08-18;LAPTOP;60003;EXTENCION DE DOMINIO;COMPLEJO FGR;RUBEN OSORIO ALVARADO;70219;120005;EQUIPO EN BUEN ESTADO
2026-08-18;LAPTOP;60003;QEDC;COMPLEJO FGR;ALVARO GONZALES HIDALGO;70220;120005;EQUIPO EN BUEN ESTADO
2026-08-20;LAPTOP;60003;ESPECIALIZADA CONTRA EL LAVADO DE ACTIVOS;COMPLEJO FGR;TIRO ALEXANDER PERAZA ROMERO;70222;120005;EQUIPO EN BUEN ESTADO
2026-08-21;LAPTOP;60003;ESPECIALIZADA CONTRA EL LAVADO DE ACTIVOS;COMPLEJO FGR;NATHALY JAZMIN CHACON;70223;120005;EQUIPO EN BUEN ESTADO
2026-08-18;LAPTOP;60003;UFEED;COMPLEJO FGR;SABRINA CARDONA DE ALAS;70225;120005;EQUIPO EN BUEN ESTADO.
2026-08-20;LAPTOP;60003;ESPECIALIZADA CONTRA EL LAVADO DE ACTIVOS;COMPLEJO FGR;HEIDY MARISOL ORDOÑEZ;70228;120005;EQUIPO EN BUEN ESTADO
2026-08-18;LAPTOP;60003;DELITOS DE CORRUPCION;COMPLEJO FGR;MARLEN MOZO ;70229;120005;EQUIPO EN BUEN ESTADO
2026-08-18;LAPTOP;60003;UEDC;COMPLEJO FGR;NELSON LEONEL MEJIA;70232;120005;EQUIPO EN BUEN ESTADO.
2026-08-18;LAPTOP;60003;UEDC;COMPLEJO FGR;LILIAM NELLY RUBRO REYES;70233;120005;EQUIPO EN BUEN ESTADO.
2026-08-14;LAPTOP;60003;AUDITORIA INTERNA ;COMPLEJO FGR;PATRICIA ALEJANDRA RUANO DABOUB;70242;120005;EQUIPO EN BUEN ESTADO
2026-08-14;LAPTOP;60003;AUDITORIA INTERNA ;COMPLEJO FGR;MAURICIO ERNESTO HUEZO PEREZ;70243;120005;EQUIPO EN BUEN ESTADO
2026-09-24;LAPTOP;60003;DIRECCION JURIDICA FISCAL;COMPLEJO FGR;ALVARO GRANDE;70244;120005;PRESENTO FALSO EN PUERTO DE RED(NO LE CONECTA)
2026-09-25;LAPTOP;60003;DIRECCION JURIDICA FISCAL;COMPLEJO FGR;MARIA DEL CARMEN MARTINEZ GONZALEZ;70245;120005;EQUIPO EN BUEN ESTADO
2026-09-09;LAPTOP;60003;VIGILANCIA PENITENCIARIA;COMPLEJO FGR;PENDIENTE;70249;150009;EQUIPO EN BUEN ESTADO
2026-07-30;LAPTOP;60003;IMPUESTOS;COMPLEJO FGR;KARLA JIMENEZ HERNANDEZ;70250;150008;EQUIPO EN BUEN ESTADO
2026-09-28;LAPTOP;60003;AUDITORIA FISCAL;COMPLEJO FGR;ANA ROSA MARIA RIVAS DE HERNANDEZ;70251;90005;EQUIPO EN BUEN ESTADO
2026-07-28;LAPTOP;60003;CUENTAS Y MULTAS;COMPLEJO FGR;JUAN CARLOS MENJIVAR;70252;150009;EQUIPO EN BUEN ESTADO
2026-09-14;LAPTOP;60003;CIVIL;COMPLEJO FGR;MERLYN JUDY DINANTE ;70253;150009;EQUIPO EN BUEN ESTADO 
2026-09-11;LAPTOP;60003;PENAL DEL ESTADO;COMPLEJO FGR;CARLOS ANTONIO CORPEÑO;70255;150007;PRESENTO MANCHAS EN CARCASA
2026-09-04;LAPTOP;60003;ADMINISTRACION DE JUSTICIA;COMPLEJO FGR;MARCOS ERNESTO LANDAVERDE COCA;70256;150007;PRESENTO: FALLO EN TECLA (CTRL) 
2026-09-24;LAPTOP;60003;DIRECCION JURIDICA FISCAL (SUBDIRECTOR);COMPLEJO FGR;NAPOLEON ALEXIS LOPEZ SANCHEZ;70260;150005;EQUIPO EN BUEN ESTADO
2026-09-25;LAPTOP;60003;DIRECCION JURIDICA FISCAL;COMPLEJO FGR;HECTOR LEONEL RODRIGUEZ;70261;150006;EQUIPO EN BUEN ESTADO
2026-09-01;LAPTOP;60003;SUBGERENCIA DE CONTABILIDAD;COMPLEJO FGR;HUMBERTO ERNESTO ALVARADO MENDOZA;70290;150006;EQUIPO EN BUEN ESTADO
2026-09-17;LAPTOP;60003;CIBERCRIMEN;COMPLEJO FGR;MEYBI ROCIO ARCE RETANA;70291;150006;EQUIPO EN BUEN ESTADO 
2026-08-19;LAPTOP;60003;UNIDAD ESPECIALIZADA CONTRA LAVADO DE ACTIVOS;COMPLEJO FGR;FRANCISCO SAVIER MAJANO CORTEZ;70294;150008;EQUIPO EN BUEN ESTADO
2026-09-16;LAPTOP;60003;SOLUCION TEMPRANA;COMPLEJO FGR;ERICK RAFAEL MARTINEZ UMAÑA;70295;150005;EQUIPO EN BUEN ESTADO
2026-09-01;LAPTOP;60003;SUBGERENCIA DE TESORERIA;COMPLEJO FGR;SANTIAGO PINEDA;70296;150007;PRESENTA: RAYONES EN EL MOUSE
2026-07-31;LAPTOP;60003;SUBGERENCIA PLANIFICACIONE;COMPLEJO FGR;JOSE ISMAEL QUIJANO ;70297;150006;EQUIPO EN BUEN ESTADO
2026-07-28;LAPTOP;60003;DELITOS DE ADMINISTRACION DE LA JUSTICIA;COMPLEJO FGR;ANGELINA MARIA RAMOS GONZALEZ;70298;150006;EQUIPO EN BUEN ESTADO
2026-07-30;LAPTOP;60003;IMPUESTOS;COMPLEJO FGR;OSMIN ALEXANDER PAZ BELLOSOS;70299;150006;EQUIPO EN BUEN ESTADO
2026-09-21;LAPTOP;60003;DESARROLLO DE PERSONAL;COMPLEJO FGR;OLGA RIVERA;70300;60005;EQUIPO EN BUEN ESTADO
2026-09-01;LAPTOP;60003;SUBGERENCIA DE CONTABILIDAD;COMPLEJO FGR;PRENDIENTE;70304;150008;EQUIPO EN BUEN ESTADO
2026-09-01;LAPTOP;60003;SUBGERENCIA DE CONTABILIDAD;COMPLEJO FGR;OSCAR ERNESTO GARCIA CHAVES;70308;150007;EQUIPO EN BUEN ESTADO
2026-09-14;LAPTOP;60003;CIVIL;COMPLEJO FGR;INGRID LOPEZ;70313;150009;EQUIPO EN BUEN ESTADO 
2026-09-16;LAPTOP;60003;PATRIMONIO PRIVADO Y PROPIEDAD INTELECTUAL;COMPLEJO FGR;JORGE SALGUERO;70317;150006;EQUIPO EN BUEN ESTADO 
2026-09-17;LAPTOP;60003;CIBERCRIMEN;COMPLEJO FGR;GEORGINA MARGARITA VELASQUEZ CORPEÑO;70318;150006;EQUIPO EN BUEN ESTADO 
2026-09-17;LAPTOP;60003;PATRIMONIO PRIVADO Y PROPIEDAD INTELECTUAL;COMPLEJO FGR;FATIMA ROSIBEL OSORIO HERNANDEZ;70319;150006;EQUIPO EN BUEN ESTADO 
2026-09-16;LAPTOP;60003;PATRIMONIO PRIVADO Y PROPIEDAD INTELECTUAL;COMPLEJO FGR;MARITZA REBECA GARCIA AVILES;70320;150008;EQUIPO EN BUEN ESTADO 
2026-08-27;LAPTOP;60003;ELA;COMPLEJO FGR;ROSALBA GRANDE;70321;150009;EQUIPO EN BUEN ESTADO
2026-09-17;LAPTOP;60003;PATRIMONIO PRIVADO Y PROPIEDAD INTELECTUAL;COMPLEJO FGR;KHATERIN MICHELLE CAMPOS ;70322;150009;EQUIPO EN BUEN ESTADO 
2026-08-20;LAPTOP;60003;ESPECIALIZADA CONTRA EL LAVADO DE ACTIVOS;COMPLEJO FGR;SULMA MENDOZA MARTINEZ;70326;150009;EQUIPO EN BUEN ESTADO
2026-09-17;LAPTOP;60003;PATRIMONIO PRIVADO Y PROPIEDAD INTELECTUAL;COMPLEJO FGR;PATRICIA MONGE;70327;90005;EL EQUIPO SE ENTREGA AL USUARIO EN ÓPTIMAS CONDICIONES DE LIMPIEZA Y EN FUNCIONAMIENTO.
2026-09-01;LAPTOP;60003;COMPRAS PUBLICAS;COMPLEJO FGR;CARLOS JOSE MELENDEZ;70328;150009;EQUIPO EN BUEN ESTADO
2026-09-14;LAPTOP;60003;DELITOS RELATIVOS A LA VIDA E INTEGRIDAD FISICA;COMPLEJO FGR;ROMÁN ARTEAGA;70329;150009;EQUIPO EN BUEN ESTADO 
2026-09-01;LAPTOP;60003;COMPRAS PUBLICAS;COMPLEJO FGR;GLADIS MERCEDES;70330;150008;EQUIPO EN BUEN ESTADO
2026-09-10;LAPTOP;60003;VIGILANCIA PENITENCIARIA ;COMPLEJO FGR;YERIKA MICHELLE UMAÑA DE ORELLANA;70332;150006;EQUIPO EN BUEN ESTADO 
2026-09-01;LAPTOP;60003;COMPRAS PUBLICAS;COMPLEJO FGR;ROCIO MARTINEZ;70335;150009;EQUIPO EN BUEN ESTADO
2026-09-01;LAPTOP;60003;COMPRAS PUBLICAS;COMPLEJO FGR;PENDIENTE;70336;150009;EQUIPO EN BUEN ESTADO
2026-09-01;LAPTOP;60003;COMPRAS PUBLICAS;COMPLEJO FGR;KENIA JULISSA MARROQUIN PALACIOS;70337;150006;EQUIPO EN BUEN ESTADO
2026-09-01;LAPTOP;60003;SUBGERENCIA DE CONTABILIDAD;COMPLEJO FGR;SILVIA GISSEL HERNANDEZ CEA;70338;150006;EQUIPO EN BUEN ESTADO
2026-09-01;LAPTOP;60003;FINANCIERA INSTITUCIONALCOMPLEJO FGR;COMPLEJO FGR;SARA BEATRIZ VELAZQUEZ DE TORRES;70339;150007;EQUIPO EN BUEN ESTADO
2026-08-13;LAPTOP;60003;DEPARTAMENTO DE COMUNICACION INTERNA;COMPLEJO FGR;GENNYCETA MONGE;70340;150005;EQUIPO EN BUEN ESTADO
2026-07-31;LAPTOP;60003;PENAL DEL ESTADO;COMPLEJO FGR;HERBERT ANTONIO HERNANDEZ HERNANDEZ;70355;150009;PRESENTO RAYONES EN CASE 
2026-09-01;LAPTOP;60003;SUBGERENCIA DE TESORERIA;COMPLEJO FGR;RAMON ERNESTO MERINO;70356;150008;EQUIPO EN BUEN ESTADO
2026-09-07;LAPTOP;60003;UNIDAD FINANCIERA INSTITUCIONAL ;COMPLEJO FGR;SAUL ENRIQUE LÓPEZ AMAYA;70357;150009;EQUIPO EN BUEN ESTADO 
2026-07-28;LAPTOP;60003;DELITOS DE ADMINISTRACION DE JUSTICIA;COMPLEJO FGR;HILDA MICHELLE ALFARO DE MENDEZ;70358;150006;EQUIPO EN BUEN ESTADO
2026-09-01;LAPTOP;60003;SUBGERENCIA DE PRESUPUESTO;COMPLEJO FGR;PENDIENTE;70365;150009;EQUIPO EN BUEN ESTADO
2026-09-16;LAPTOP;60003;PATRIMONIO PRIVADO Y PROPIEDAD INTELECTUAL;COMPLEJO FGR;YIBELY GABRIELA ORTIZ;70366;150006;EQUIPO EN BUEN ESTADO 
2026-09-18;LAPTOP;60003;CIBERCRIMEN;COMPLEJO FGR;GERMAN NAPOLEON RODRIGUEZ BERILLA;70368;90005;EL EQUIPO SE ENTREGA AL USUARIO EN ÓPTIMAS CONDICIONES DE LIMPIEZA Y EN FUNCIONAMIENTO.
2026-09-18;LAPTOP;60003;CIBERCRIMEN;COMPLEJO FGR;MARITZA CRISTINA GOMEZ HERNANDEZ;70370;90005;EL EQUIPO SE ENTREGA AL USUARIO EN ÓPTIMAS CONDICIONES DE LIMPIEZA Y EN FUNCIONAMIENTO.
2026-09-14;LAPTOP;60003;DELITOS RELATIVOS A LA VIDA E INTEGRIDAD FISICA;COMPLEJO FGR;VANESSA JUDITH BENITEZ MARTINEZ ;70372;150006;EQUIPO EN BUEN ESTADO 
2026-09-14;LAPTOP;60003;DELITOS RELATIVOS A LA VIDA E INTEGRIDAD FISICA;COMPLEJO FGR;NATHALY ELIZABETH MURCIA LOPEZ;70373;150005;EQUIPO EN BUEN ESTADO 
2026-09-10;LAPTOP;60003;CIBERCRIMEN ;COMPLEJO FGR;JOSHUE ALFONSO ESCOBAR;70374;150009;EQUIPO EN BUEN ESTADO 
2026-09-14;LAPTOP;60003;DELITOS RELATIVOS A LA VIDA E INTEGRIDAD FISICA;COMPLEJO FGR;ALEXIS AGUILAR;70375;150008;EQUIPO EN BUEN ESTADO
2026-09-17;LAPTOP;60003;CIBERCRIMEN;COMPLEJO FGR;ANDRES DELGADO ;70376;150008;EQUIPO EN BUEN ESTADO 
2026-09-01;LAPTOP;60003;FINANCIERA;COMPLEJO FGR;ROMEO ALEJANDRO GARCIA MONTIEL;70377;150006;EQUIPO EN BUEN ESTADO
2026-07-30;LAPTOP;60003;CIVIL;COMPLEJO FGR;ROBERTO RODRIGUEZ;70461;150007;EQUIPO EN BUEN ESTADO
2026-09-11;LAPTOP;60003;DELITOS DE ADMINISTRACION DE JUSTICIA;COMPLEJO FGR;CARMEN MARISOL RAMIREZ VAZQUEZ;70462;150005;EQUIPO EN BUEN ESTADO
2026-09-21;LAPTOP;60003;PATRIMONIO PRIVADO Y PROPIEDAD INTELECTUAL ;COMPLEJO FGR;GISELLE RENEE VASQUEZ AGUILAR ;70486;150008;EQUIPO EN BUEN ESTADO 
2026-09-18;LAPTOP;60003;GRUPO G5;COMPLEJO FGR;RICARDO CORTEZ;70487;60005;EL EQUIPO SE ENTREGO EN ESTADO PLENAMENTE OPERATIVO.
2026-08-12;LAPTOP;60003;UAEMNA ;COMPLEJO FGR;JOSUÉ DAVID HERNÁNDEZ RODRIGUEZ ;70488;150009;EQUIPO EN BUEN ESTADO 
2026-09-16;LAPTOP;60003;SOLUCION TEMPRANA;COMPLEJO FGR;HELLEN QUINTANILLA;70489;150007;EQUIPO EN BUEN ESTADO
2026-09-16;LAPTOP;60003;RÉGIMEN G5;COMPLEJO FGR;RENE SEGOVIA ;70491;150009;EQUIPO EN BUEN ESTADO 
2026-07-30;LAPTOP;60003;CIVIL;COMPLEJO FGR;MERLUN JUDITH DINARGE ORTIZ ;70501;150009;EQUIPO EN BUEN ESTADO
2026-08-12;LAPTOP;60003;UAEMNA ;COMPLEJO FGR;JOHANA ORQUIDEA PÉREZ SÁNCHEZ ;70534;150008;EQUIPO EN BUEN ESTADO 
2026-09-11;LAPTOP;60003;DELITOS DE ADMINISTRACION DE JUSTICIA;COMPLEJO FGR;MONICA CECILIA CONTRERAS RIVAS;70536;150007;EQUIPO EN BUEN ESTADO
2026-08-12;LAPTOP;60003;UAEMNA ;COMPLEJO FGR;RICARDO RODAS AGUILAR ;70539;150007;EQUIPO EN BUEN ESTADO 
2026-09-21;LAPTOP;60003;OFICIALIA DE CUMPLIMIENTO;COMPLEJO FGR;ROGELIO FEDERICO CALDERÓN LOPEZ;70540;150009;EQUIPO EN BUEN ESTADO 
2026-09-14;LAPTOP;60003;DELITOS DE ADMINISTRACION DE JUSTICIA;COMPLEJO FGR;ROSELYN ESTER RIVERA MARTINEZ ;70541;150006;EQUIPO EN BUEN ESTADO 
2026-09-10;LAPTOP;60003;SOLUCIÓN TEMPRANA ;COMPLEJO FGR;XIOMARA CAMACHO ;70615;150009;EQUIPO EN BUEN ESTADO 
2026-09-10;LAPTOP;60003;SOLUCION TEMPRANA;COMPLEJO FGR;CLAUDIA ESMERALDA MEJIA FUENTES;70618;150006;EQUIPO EN BUEN ESTADO 
2026-09-18;LAPTOP;60003;PATRIMONIO PRIVADO;COMPLEJO FGR;CESAR CRUZ;70621;150007;EQUIPO EN BUEN ESTADO
2026-09-09;LAPTOP;60003;VIGILANCIA PENITENCIARIA ;COMPLEJO FGR;WALTER ALEXANDER MALDONADO ;70622;150007;EQUIPO EN BUEN ESTADO 
2026-07-30;LAPTOP;60003;CIVIL ;COMPLEJO FGR;MANUEL ANTONIO GONZALEZ;70632;150007;EQUIPO EN BUEN ESTADO
2026-09-04;LAPTOP;60003;CUENTAS Y MULTAS;COMPLEJO FGR;HUGO EDGARDO MONTANO CORENA;70635;150007;EQUIPO EN BUEN ESTADO. 
2026-09-14;LAPTOP;60003;DELITOS RELATIVOS A LA VIDA E INTEGRIDAD FISICA;COMPLEJO FGR;MILAGRO ELIAS;70637;150007;EQUIPO EN BUEN ESTADO
2026-08-24;LAPTOP;60003;INFRAESTRUTURA Y MANTENIMIENTO;COMPLEJO FGR;DOUGLAS ENRIQUEZ SALAZAR;70638;150006;EQUIPO EN BUEN ESTADO
2026-08-12;LAPTOP;60003;UAEMNA ;COMPLEJO FGR;LIZA MICHELLE DE LA NATIVIDAD CORTEZ;70644;150005;EQUIPO EN BUEN ESTADO 
2026-09-08;LAPTOP;60003;SUBGERENCIA CONTROL Y CRIMINALIDAD ORGANIZADA;COMPLEJO FGR;ANA MANZANARES;70648;150006;EQUIPO EN BUEN ESTADO 
2026-08-17;LAPTOP;60003;DIRECCION DE LA MUJER;COMPLEJO FGR;MABELIN AYALA;70657;150007;EQUIPO BUEN ESTADO
2026-09-11;LAPTOP;60003;PLANIFICACIÓN Y PROYECTOS ;COMPLEJO FGR;CESAR FUENTES ;70662;150009;EQUIPO EN BUEN ESTADO 
2026-08-27;LAPTOP;60003;EQUIPO ESPECIALIZADO DE INVESTIGACION N° 2;COMPLEJO FGR;DANIEL ALEJANDRO RECINOS;70675;150005;EQUIPO EN BUEN ESTADO.
2026-09-09;LAPTOP;60003;VIGILANCIA PENITENCIARIA;COMPLEJO FGR;ANA LUPITA QUINTEROS MEDINA;70679;150006;EQUIPO EN BUEN ESTADO
2026-07-30;LAPTOP;60003;PENAL DEL ESTADO;COMPLEJO FGR;ANA CHRISTINA ORELLANA SANABRIA;70680;150005;EQUIPO EN BUEN ESTADO
2026-09-18;LAPTOP;60003;VIGILANCIA PENITENCIARIA;COMPLEJO FGR;MARILYN  MEJIA;70683;150007;EQUIPO EN BUEN ESTADO
2026-09-11;LAPTOP;60003;IMPUESTOS ;COMPLEJO FGR;KARLA JIMÉNEZ HERNÁNDEZ ;70693;150009;EQUIPO EN BUEN ESTADO 
2026-08-21;LAPTOP;60003;ESPECIALIZADA CONTRA EL LAVADO DE ACTIVO;COMPLEJO FGR;JOSE SANTOS GUARDADO;70694;150008;EQUIPO EN BUEN ESTADO
2026-07-31;LAPTOP;60003;CONTROL DE BIENES DEL ESTADO;COMPLEJO FGR;KARLA BEATRIZ LOPEZ NUILA;70698;150006;EQUIPO EN BUEN ESTADO
2026-07-28;LAPTOP;60003;DELITOS DE ADMINISTRACION DE JUSTICIA;COMPLEJO FGR;GENESIS PATRICIA SANDOVAL;70711;150009;EQUIPO EN BUEN ESTADO
2026-09-22;LAPTOP;60003;CLINICA EMPRESARIAL;COMPLEJO FGR;KARLA GARCIA;70714;90005;EL EQUIPO SE ENTREGA AL USUARIO EN ÓPTIMAS CONDICIONES DE LIMPIEZA Y EN FUNCIONAMIENTO.
2026-08-28;LAPTOP;60003;SUBDIRECCION CONTRA LA CRIMINALIDAD ORGANIZADA, EEI3;COMPLEJO FGR;MAURICIO STANLEY ARRIOLA;70715;150007;EQUIPO EN BUEN ESTADO
2026-09-18;LAPTOP;60003;PENAL JUVENIL;COMPLEJO FGR;YENY GUADALUPE LLANES RIVERA;70740;150007;PRESENTO MANCHAS EN EL TECLADO 
2026-09-09;LAPTOP;60003;VIGILANCIA PENITENCIARIA;COMPLEJO FGR;SUSY LISETTE RIVERA CHAVEZ;70749;150006;EQUIPO EN BUEN ESTADO
2026-07-31;LAPTOP;60003;PENAL DEL ESTADO;COMPLEJO FGR;ANA SILVIA CORTEZ RIVAS;70750;150008;EQUIPO EN BUEN ESTADO
2026-09-11;LAPTOP;60003;IMPUESTOS;COMPLEJO FGR;CARLOS MAURICIO CASTILLO MELENDEZ;70754;150007;EQUIPO EN BUEN ESTADO
2026-07-30;LAPTOP;60003;PENAL DEL ESTADO;COMPLEJO FGR;STEFANY LISBETH GONZALEZ ESCOBAR;70756;150008;EQUIPO EN BUEN ESTADO
2026-07-30;LAPTOP;60003;PENAL DEL ESTADO;COMPLEJO FGR;DAVID AUGUSTO MUÑOZ ;70757;150007;EQUIPO EN BUEN ESTADO
2026-07-28;LAPTOP;60003;DELITOS DE ADMINISTRACION DE JUSTICIA;COMPLEJO FGR;KEVIN ALEXANDER ESPINOZA REGALADO;70761;150006;EQUIPO EN BUEN ESTADO
2026-09-21;LAPTOP;60003;GERENCIA DE RECURSOS HUMANOS;COMPLEJO FGR;LUIS HERNESTO LUCERO;70866;150007;EQUIPO EN BUEN ESTADO
2026-09-21;LAPTOP;60003;GERENCIA DE RECURSOS HUMANOS;COMPLEJO FGR;ANDREA SALMERON;70867;60005;EL EQUIPO PRESENTO UNA GOMA LEVANTADA EN LA PARTE INFERIOR DEL CASE. ADEMAS, TAMBIEN PRESENTO UN GOLPE EN LA PARTE INFERIOR Y SUPERIOR IZQUIERDA DEL CASE. EQUIPO EN ESTADO OPTIMO.
2026-09-21;LAPTOP;60003;GERENCIA DE RECURSOS HUMANOS;COMPLEJO FGR;GABRIEL ANGEL SALMERON HERNANDEZ;70868;90005;EL EQUIPO SE ENTREGA AL USUARIO EN ÓPTIMAS CONDICIONES DE LIMPIEZA Y EN FUNCIONAMIENTO.
2026-09-01;LAPTOP;60003;SUBGERENCIA DE PRESUPUESTO;COMPLEJO FGR;PATRICIA JEANNETTE SANCHEZ JIMENES;70869;150007;EQUIPO EN BUEN ESTADO
2026-09-11;LAPTOP;60003;SUBGERENCIA DE PRESUPUESTO ;COMPLEJO FGR;XIOMARA CAROLINA RIVERA;70870;150006;EQUIPO EN BUEN ESTADO 
2026-08-10;LAPTOP;60003;GERENCIA DE INNOVACION Y TECNOLOGIA;COMPLEJO FGR;HECTOR EDMUNDO GONZALEZ MAGAÑA;70871;150009;EQUIPO EN BUEN ESTADO
2026-08-10;LAPTOP;60003;GERENCIA DE INNOVACION Y TECNOLOGIA;COMPLEJO FGR;FRANKLIN ANTONIO RAMOS RODRIGUEZ;70872;150006;EQUIPO EN BUEN ESTADO
2026-09-01;LAPTOP;60003;SUBGERENCIA DE PRESUPUESTO;COMPLEJO FGR;ESAU ANTONIO GUZMAN VISARRA;70873;150009;EQUIPO EN BUEN ESTADO
2026-08-11;LAPTOP;60003;GERENCIA DE INNOVACION Y TECNOLOGIA;COMPLEJO FGR;JOAN DAVID MORAN TORRES;70874;150007;EQUIPO EN BUEN ESTADO
2026-08-11;LAPTOP;60003;GERENCIA DE INNOVACIÓN Y TECNOLOGÍA ;COMPLEJO FGR;GERARDO ANTONIO ELAZO;70877;150005;EQUIPO EN BUEN ESTADO. 
2026-08-10;LAPTOP;60003;GERENCIA DE INNOVACION Y TECNOLOGIA;COMPLEJO FGR;CLAUDIA PALMA;70879;150009;EQUIPO EN BUEN ESTADO
2026-08-10;LAPTOP;60003;GERENCIA DE INNOVARION Y TECNOLOGIA;COMPLEJO FGR;MILTON ERNESTO ORELLANA ;70881;150009;EQUIPO EN BUEN ESTADO
2026-08-10;LAPTOP;60003;GERENCIA DE INNOVACION Y TECNOLOGIA (SOPORTE A USUARIOS);COMPLEJO FGR;MANUEL DE JESUS GOMEZ EFIGENIO;70885;150008;EQUIPO EN BUEN ESTADO
2026-08-10;LAPTOP;60003;GERENCIA DE INNOVACION Y TECNOLOGIA;COMPLEJO FGR;OSWALDO ANTONIO LOPEZ;70887;150007;EQUIPO EN BUEN ESTADO
2026-08-10;LAPTOP;60003;GERENCIA DE INNOVACION Y TECNOLOGIA;COMPLEJO FGR;;70888;150005;EQUIPO EN BUEN ESTADO
2026-08-10;LAPTOP;60003;GERENCIA DE INNOVACION Y TECNOLOGIA;COMPLEJO FGR;RENE HUMBERTO GARCIA ;70890;150005;EQUIPO EN BUEN ESTADO
2026-08-10;LAPTOP;60003;GERENCIA DE INNOVACION Y TECNOLOGIA;COMPLEJO FGR;JORGE SIBRIAN;70895;150005;EQUIPO EN BUEN ESTADO
2026-08-10;LAPTOP;60003;GERENCIA DE INNOVARION Y TECNOLOGIA;COMPLEJO FGR;CARLOS MOISES NARANJO;70896;150006;EQUIPO EN BUEN ESTADO
2026-08-11;LAPTOP;60003;JEFATURA DIT;COMPLEJO FGR;JOSÉ DAVID VILLANUEVA ;70897;150007;EQUIPO EN BUEN ESTADO. 
2026-08-10;LAPTOP;60003;GERENCIA DE INNOVACION Y TECNOLOGIA;COMPLEJO FGR;JOSE EDGARDO HENRIQUEZ CALDERON;70898;150005;EQUIPPO EN BUEN ESTADO
2026-08-10;LAPTOP;60003;GERENCIA DE INNOVACION Y TECNOLOGIA;COMPLEJO FGR;ERICK GONZALEZ;70899;150009;EQUIPO EN BUEN ESTADO
2026-08-10;LAPTOP;60003;GERENCIA DE INNOVACION Y TECNOLOGIA;COMPLEJO FGR;LUIS RODRIGO AVALOS NAVAS;70901;150005;EQUIPO EN BUEN ESTADO
2026-08-10;LAPTOP;60003;GERENCIA DE INNOVARION Y TECNOLOGIA;COMPLEJO FGR;JUAN MANUEL SAMAYOA PAZ;70902;150006;EQUIPO EN BUEN ESTADO
2026-08-11;LAPTOP;60003;SUGERENCIA DE OPERACIONES DE TECNOLOGÍA ;COMPLEJO FGR;ADRIANA SANTOS ;70905;150008;EQUIPO EN BUEN ESTADO 
2026-08-24;LAPTOP;60003;GERENCIA DE ADMINISTRACION;COMPLEJO FGR;GUSTAVO VILLALOBOS;70906;150008;EQUIPO EN BUEN ESTADO
2026-07-31;LAPTOP;60003;;COMPLEJO FGR;CARMEN ELENA HUAREZ RAMOS;70912;150008;EQUIPO EN BUEN ESTADO
2026-08-14;LAPTOP;60003;GERENCIA DE COOPERACIÓN ;COMPLEJO FGR;RENE ALEJANDRO MONICO SARAVIA;73315;150005;EQUIPO EN BUEN ESTADO 
2026-08-21;LAPTOP;60003;INVESTIGACIONES ESPECIALES.;COMPLEJO FGR;BRANDON MUNDO;75140;150009;EQUIPO EN BUEN ESTADO
2026-08-31;LAPTOP;60003;SUBDIRECCION CONTRA CRIMINALIDAD ORGANAIZADA;COMPLEJO FGR;MILDA LOPEZ;75963;150008;EQUIPO EN BUEN ESTADO
2026-08-31;LAPTOP;60003;SUBDIRECCION CONTRA LA CRIMINALIDAD ORGANIZADA EQUIPO N° 2;COMPLEJO FGR;KARLA PATRICIA ESCOBAR;75964;150009;EQUIPO EN BUEN ESTADO
2026-08-31;LAPTOP;60003;SUBDIRECCION CONTRA LA CRIMINALIDAD ORGANIZADA GRUPO 1;COMPLEJO FGR;CLAUDIA ELIZABETH REYES;75965;150007;EQUIPO EN BUEN ESTADO
2026-08-28;LAPTOP;60003;PENDIENTE;COMPLEJO FGR;PENDIENTE;75966;150006;EQUIPO EN BUEN ESTADO.
2026-08-28;LAPTOP;60003;SUBDIRECCION CONTRA LA CRIMINALIDAD ORGANIZADA, EEI2;COMPLEJO FGR;SANTOS TORRES;75967;150008;PRESENTO RAYON EN CARCASA, EQUIPO EN BUEN ESTADO
2026-09-08;LAPTOP;60003;NARCOTRAFICO ;COMPLEJO FGR;DINA PEREZ;75969;150006;EQUIPO EN BUEN ESTADO
2026-09-08;LAPTOP;60003;NARCOTRAFICO;COMPLEJO FGR;JONATHAN EMMANUEL BARAHONA CLADERON;75971;150006;EQUIPO EN BUEN ESTADO
2026-09-08;LAPTOP;60003;NARCOTRAFICO;COMPLEJO FGR;EDUARDO ZELAYA;75972;150009;EQUIPO EN BUEN ESTADO.
2026-08-18;LAPTOP;60003;UFEED ;COMPLEJO FGR;SAUL ALEXANDER RIVERA MINERO;75976;150005;EQUIPO EN BUEN ESTADO.
2026-08-19;LAPTOP;60003;UNIDAD ESPECIALIZADA CONTRA LAVADO DE ACTIVOS;COMPLEJO FGR;SANDRA GISSEL FIGUEROA;75977;150006;EQUIPO EN BUEN ESTADO
2026-09-08;LAPTOP;60003;SUBDIRECCION CONTRA LA CRIMINALIDAD ORGANIZADA ;COMPLEJO FGR;ROLANDO VILLALTA;75978;150009;EQUIPO EN BUEN ESTADO
2026-08-28;LAPTOP;60003;SUBDIRECCION CONTRA LA CRIMINALIDAD ORGANIZADA, EEI2;COMPLEJO FGR;KRISCIA NAZARETH FLORES;75979;150008;EQUIPO EN BUEN ESTADO
2026-09-08;LAPTOP;60003;NARCOTRAFICO;COMPLEJO FGR;MANUEL FUENTES;75980;150009;EQUIPO EN BUEN ESTADO
2026-08-31;LAPTOP;60003;ESPECIALIZADA DELITOS DE NARCOTRAFICO;COMPLEJO FGR;OLGA RIVERA;75982;150005;EQUIPO EN BUEN ESTADO
2026-08-27;LAPTOP;60003;NARCOTRAFICO;COMPLEJO FGR;OSCAR  DIRGO RIVERA MENJIVAR;75983;150009;EQUIPO EN BUEN ESTADO
2026-08-28;LAPTOP;60003;SUBDIRECCION CONTRA LA CRIMINALIDAD ORGANIZADA;COMPLEJO FGR;JOSE ADRIAN MEJIA;75984;150007;EQUIPO EN BUEN ESTADO
2026-08-31;LAPTOP;60003;SUBDIRECCION CONTRA LA CRIMINALIDAD ORGANIZADA;COMPLEJO FGR;MARIA MORALES;75985;150008;EQUIPO EN BUEN ESTADO
2026-08-28;LAPTOP;60003;SUBDIRECCION CONTRA LA CRIMINALIDAD ORGANIZADA ;COMPLEJO FGR;LUIS REYNALDO DOMINGUEZ;75986;150005;EQUIPO EN BUEN ESTADO
2026-08-28;LAPTOP;60003;SUBDIRECCION CONTRA LA CRIMINALIDAD ORGANIZADA, EEI3;COMPLEJO FGR;[PENDIENTE];75988;150005;EQUIPO EN BUEN ESTADO
2026-08-28;LAPTOP;60003;PENDIENTE;COMPLEJO FGR;PENDIENTE;75989;150005;EQUIPO EN BUEN ESTADO.
2026-08-24;LAPTOP;60003;UNIDAD DE INVESTIGACIÓN DE ESTRUCTURAS;COMPLEJO FGR;ANA GUADALUPE BONILLA;75991;150005;EQUIPO EN BUEN ESTADO
2026-08-28;LAPTOP;60003;SUBDIRECCION CONTRA LA CRIMINALIDAD ORGANIZADA, EEI1;COMPLEJO FGR;JACQUELIN RUANO DE ALONZO;75992;150005;EQUIPO EN BUEN ESTADO
2026-08-19;LAPTOP;60003;UNIDAD FISCAL ESPECIALIZADA EN EXTINCION DE DOMINIO ;COMPLEJO FGR;ROBERTO CARLOS MARAVILLA ABRIGO;75993;150008;EQUIPO EN BUEN ESTADO
2026-08-27;LAPTOP;60003;SUBDIRRECION CONTRA LA CRIMINALIDAD ORGANIZADA;COMPLEJO FGR;JULIO ALBERTO ESCOBAR ;75994;150008;EQUIPO EN BUEN ESTADO.
2026-08-28;LAPTOP;60003;SUBDIRECCION CONTRA LA CRIMINALIDAD ORGANIZADA;COMPLEJO FGR;RENE ALFONSO ESCOBAR;75995;150005;EQUIPO EN BUEN ESTADO
2026-09-08;LAPTOP;60003;SUBDIRECCION CONTRA LA CRIMINALIDAD ORGANIZADA;COMPLEJO FGR;CECIA SORANO DE LOPEZ;75996;150009;EQUIPO UN BUEN ESTADO
2026-08-19;LAPTOP;60003;INVESTIGACIONES ESPECIALES;COMPLEJO FGR;EDWIN EDGARDO VILLALTA ;75997;150008;PRESENTO LEVES RAYONES EN CARCASA, EQUIPO EN BUEN ESTADO
2026-08-27;LAPTOP;60003;NARCOTRAFICO;COMPLEJO FGR;OSCAR BARAHONA LOPEZ;75999;150005;PRESENTO DAÑO ESTETICO EN LA GUIA PASA CABLE DEL MONITOR DEL EQUIPPO.
2026-08-18;LAPTOP;60003;DELITOS DE CORRUPCION;COMPLEJO FGR;JUAN JOSE OLIVARES RUIZ;76000;150006;EQUIPO EN BUEN ESTADO
2026-08-28;LAPTOP;60003;SUBDIRECCION CONTRA LA CRIMINALIDAD ORGANIZADA, EEI1;COMPLEJO FGR;JANCI VELAZQUEZ;76002;150007;EQUIPO EN BUEN ESTADO
2026-08-28;LAPTOP;60003;PENDIENTE;COMPLEJO FGR;NUBIA FLORES;76003;150006;EQUIPO EN BUEN ESTADO.
2026-08-28;LAPTOP;60003;SUBDIRECCION CONTRA LA CRIMINALIDAD ORGANIZADA, EEI1;COMPLEJO FGR;JULIO CESAR AGUILAR;76004;150007;EQUIPO EN BUEN ESTADO
2026-08-17;LAPTOP;60003;ESPECIALIZADA DELITOS DE CORRUPCION ;COMPLEJO FGR;CHRISTIAN EDGARDO LOPEZ QUIJADA;76005;150005;EQUIPO EN BUEN ESTADO 
2026-08-26;LAPTOP;60003;UNIDAD DE INVESTIGACIONES ESPECIALES;COMPLEJO FGR;TELMA DE CARRENZA;76006;150005;EQUIPO EN BUEN ESTADO
2026-08-17;LAPTOP;60003;ESPECIALIZADA DE EXTINCION DE DOMINIO ;COMPLEJO FGR;EUGENIA CASTRO MAYORGA;76007;150005;EQUIPO EN BUEN ESTADO 
2026-08-31;LAPTOP;60003;ESPECIALIZADA INVESTIGACION EQUIPO N°2;COMPLEJO FGR;EVELIN CAROLINA FLORES;76008;150006;EQUIPO EN BUEN ESTADO
2026-08-20;LAPTOP;60003;ESPECIALIZADA EN EXTINCION DE DOMINIO;COMPLEJO FGR;VERONICA CAROLINA SANCHEZ FRANCE;76010;150005;EQUIPO EN BUEN ESTADO
2026-08-17;LAPTOP;60003;ESPECIALIZADA EXTINCION DE DOMINIO ;COMPLEJO FGR;JOSE NOAL MEDINA;76012;150008;EQUIPO EN BUEN ESTADO 
2026-08-17;LAPTOP;60003;ESPECIALIZADA DE EXTINCION DE DOMINIO ;COMPLEJO FGR;JOSE VASQUEZ ;76013;150007;PRESENTO GRIETAS EN EL SOPORTE DE CABLE DEL MONITOR 
2026-08-19;LAPTOP;60003;INVESTIGACIONES ESPECIALES;COMPLEJO FGR;LINSSY CAROLINA TINO;76014;150007;EQUIPO EN BUEN ESTADO
2026-08-19;LAPTOP;60003;UNIDAD ESPECIALIZADA CONTRA LAVADO DE ACTIVOS;COMPLEJO FGR;ALEXANDER MACHUCA;76015;150009;EQUIPO EN BUEN ESTADO
2026-08-19;LAPTOP;60003;UNIDAD ESPECIALIZADA CONTRA LAVADO DE ACTIVOS;COMPLEJO FGR;TERESA BEATRIZ MENDOZA GARCIA;76016;150008;EQUIPO EN BUEN ESTADO
2026-08-18;LAPTOP;60003;ESPECIALIZADA CONTRA LAVADO DE ACTIVOS;COMPLEJO FGR;ROLANDO TURCIOS;76017;150009;EQUIPO EN BUEN ESTADO.
2026-08-19;LAPTOP;60003;UNIDAD ESPECIALIZADA CONTRA LAVADO DE ACTIVOS;COMPLEJO FGR;ROBERTO ELISEO GODOR;76018;150008;PRESENTO LEVES RAYONES EN CARCASA, EQUIPO EN BUEN ESTADO
2026-08-20;LAPTOP;60003;INVESTIGACIONES ESPECIALES;COMPLEJO FGR;GIOVANNI ARMANDO MENJIVAR OLIVA;76019;150007;EQUIPO EN BUEN ESTADO
2026-08-19;LAPTOP;60003;UNIDAD ESPECIALIZADA CONTRA LAVADO DE ACTIVOS;COMPLEJO FGR;DANIEL ERNESTO VENTURA;76020;150006;EQUIPO EN BUEN ESTADO
2026-08-20;LAPTOP;60003;ESPECIALIZADA EN EXTINCION DE DOMINIO;COMPLEJO FGR;REYNALDO PORTILLO CAMPOS;76021;150009;EQUIPO EN BUEN ESTADO
2026-08-20;LAPTOP;60003;ESPECIALIZADA EN EXTINCION DE DOMINIO;COMPLEJO FGR;ELSY ESTER GARCIA DE RAMIREZ;76022;150008;EQUIPO EN BUEN ESTADO
2026-08-17;LAPTOP;60003;ESPECIALIZADA DELITOS DE CORRUPCION;COMPLEJO FGR;ILIANA EVELYN VASQUEZ HERNÁNDEZ ;76023;150006;EQUIPO EN BUEN ESTADO
2026-08-18;LAPTOP;60003;DELITOS DE CORRUPCION;COMPLEJO FGR;EVERGREEM CAMPOS;76024;150008;EQUIPO EN BUEN ESTADO.
2026-08-19;LAPTOP;60003;INVESTIGACIONES ESPECIALES;COMPLEJO FGR;CARLOS GUSTAVO MIRA BONILLA;76025;150005;PRESENTO FALLA EN TECLA ESPACIADORA, EQUIPO EN BUEN ESTADO
2026-08-17;LAPTOP;60003;ESPECIALIZADA  EXTINCION DE DOMINIO ;COMPLEJO FGR;JESSICA ESMERALDA ALAS DE MENJIVAR ;76028;150007;EQUIPO EN BUEN ESTADO 
2026-08-31;LAPTOP;60003;SUBDIRECCION CONTRA LA CRIMINALIDAD ORGANIZADA;COMPLEJO FGR;SANDRA MARLENE ROMERO;76029;150009;EQUIPO EN BUEN ESTADO
2026-08-19;LAPTOP;60003;UNIDAD FISCAL ESPECIALIZADA EN EXTINCION DE DOMINIO ;COMPLEJO FGR;CARMEN MEJIA;76030;150009;EQUIPO EN BUEN ESTADO
2026-08-17;LAPTOP;60003;ESPECIALIZADA EXTENCION DE DOMINIO;COMPLEJO FGR;JEREMIAS ANTONIO OCHOA RIVERA;76031;150005;EQUIPO BUEN ESTADO
2026-08-17;LAPTOP;60003;ESPECIALIZADA DE EXTINCION DE DOMINIO ;COMPLEJO FGR;ROCIO MARLENE MORAN;76032;150007;EQUIPO EN BUEN ESTADO 
2026-08-17;LAPTOP;60003;ESPECIALIZADA DE EXTINCION DOMINIO;COMPLEJO FGR;KARMINA EUNICE URBINA;76033;150009;EQUIPO EN BUEN ESTADO 
2026-08-17;LAPTOP;60003;ESPECIALIZADA DELITOS DE CORRUPCION ;COMPLEJO FGR;ALEX ANTONIO GARCIA;76034;150008;EQUIPO EN BUEN ESTADO 
2026-08-17;LAPTOP;60003;ESPECIALIZADA DELITO DE CORRUPCION;COMPLEJO FGR;JAQUELINE MEDRANO;76035;150006;EQUIPO EN BUEN ESTADO
2026-08-20;LAPTOP;60003;ESPECIALIZADA EN EXTINCION DE DOMINIO;COMPLEJO FGR;JONATHAN ALEXANDER HENRIQUEZ RODRIGUEZ;76036;150009;EQUIPO EN BUEN ESTADO
2026-08-17;LAPTOP;60003;ESPECIALIZADA EN EXTENCION DE DOMINIO;COMPLEJO FGR;ANA CAROLINA ORELLANA RIVAS;76037;150006;EQUIPO EN BUEN ESTADO
2026-08-19;LAPTOP;60003;ESPECIALIZADA EN DELITOS DE CORRUPCION;COMPLEJO FGR;ROXXANA GYOVANI;76038;150006;EQUIPO EN BUEN ESTADO
2026-08-17;LAPTOP;60003;ESPECIALIZADA EN EXTENCION DE DOMINIO;COMPLEJO FGR;MIGUEL ANGEL FLORES SANCHEZ;76039;150009;EQUIPO EN BUEN ESTADO
2026-08-19;LAPTOP;60003;UNIDAD ESPECIALIZADA CONTRA LAVADO DE ACTIVOS;COMPLEJO FGR;JULIO CESAR CABRERA ;76040;150009;EQUIPO EN BUEN ESTADO
2026-08-17;LAPTOP;60003;ESPECIALIZADA  EN EXTENCION DE DOMINIO;COMPLEJO FGR;ERNESTO GIOVANNI AGUILAR;76041;150009;EQUIPO EN BUEN ESTADO
2026-08-18;LAPTOP;60003;DELITOS DE CORRUPCION;COMPLEJO FGR;NORMA ROXANA GUIROLA;76042;150009;EQUIPO EN BUEN ESTADO.
2026-08-18;LAPTOP;60003;ESPECIALIZADA EN EXTENCION DE DOMINIO;COMPLEJO FGR;NORMA CAROLINA MORAN GODINEZ;76043;150006;"EQUIPO EN BUEN ESTADO.
"
2026-08-28;LAPTOP;60003;SUBDIRECCION CONTRA LA CRIMINALIDAD ORGANIZADA, EEI2;COMPLEJO FGR;SONIA MARISELA ABREGO BOLAÑOS;76044;150008;EQUIPO EN BUEN ESTADO
2026-08-18;LAPTOP;60003;DELITOS DE CORRUPCION;COMPLEJO FGR;GUISA CANO;76045;150006;EQUIPO EN BUEN ESTADO
2026-08-25;LAPTOP;60003;INVESTIGACION ESPECIALES;COMPLEJO FGR;ALEXANDER ANTONIO HENRIQUEZ;76046;150007;
2026-08-31;LAPTOP;60003;SUBDIRECCION CONTRA LA CRIMINALIDAD ORGANIZADA  INVESTIGACION EQUIPO N° 1;COMPLEJO FGR;GARCIA PORTILLO;76047;150005;EQUIPO EN BUEN ESTADO
2026-08-28;LAPTOP;60003;EQUIPO ESPECIALIZADO 3;COMPLEJO FGR;[PENDIENTE];76049;150008;EQUIPO EN BUEN ESTADO
2026-08-31;LAPTOP;60003;SUBDIRECCION CONTRA LA CRIMINALIDAD ORGANIZADA;COMPLEJO FGR;RENE GUILLERMO;76051;150005;EQUIPO EN BUEN ESTADO
2026-08-28;LAPTOP;60003;SUBDIRECCION CONTRA LA CRIMINALIDAD ORGANIZADA, EEI2;COMPLEJO FGR;ROMEO BORJA;76052;150007;PRESENTO ABOLLADURA Y RAYONES EN CARCASA 
2026-08-19;LAPTOP;60003;INVESTIGACIONES ESPECIALES;COMPLEJO FGR;LUIS ANTONIO RIVAS GONZALEZ ;76053;150005;EQUIPO EN BUEN ESTADO
2026-08-28;LAPTOP;60003;SUBDIRECCION CONTRA LA CRIMINALIDAD ORGANIZADA, EEI3;COMPLEJO FGR;MARCIA LUCILA NUÑEZ;76054;150005;EQUIPO EN BUEN ESTADO
2026-08-20;LAPTOP;60003;ESPECIALIZADA EN EXTINCION DE DOMINIO;COMPLEJO FGR;LUI ENRIQUE LOPEZ ARCHILA;76055;150009;EQUIPO EN BUEN ESTADO
2026-08-20;LAPTOP;60003;INVESTIGACIONES ESPECIALES;COMPLEJO FGR;MARCELA YENISEL MONTANO;76056;150007;EQUIPO EN BUEN ESTADO
2026-08-18;LAPTOP;60003;EXTENCION DE DOMINIO;COMPLEJO FGR;ANGELIQUE PAMELA QUINTEROS;76057;150006;EQUIPO EN BUEN ESTADO
2026-08-17;LAPTOP;60003;UNIDAD DE INVESTIGACIÓNES ESPECIALES;COMPLEJO FGR;CLAUDIA VERÓNICA JIMENEZ DE SERPAS;76059;150005;EQUIPO EN BUEN ESTADO
2026-08-20;LAPTOP;60003;ESPECIALIZADA EN EXTINCION DE DOMINIO;COMPLEJO FGR;FATIMA GABRIELA HERNANDEZ PEÑA;76060;150005;EQUIPO EN BUEN ESTADO
2026-08-18;LAPTOP;60003;UIE;COMPLEJO FGR;LUIS ANDRES MARTINEZ ABARCA;76061;150007;EQUIPO EN BUEN ESTADO.
2026-08-18;LAPTOP;60003;UNIDAD ESPECIALIZADA DE EXTENCION DE DOMINIO;COMPLEJO FGR;ANGELICA TOMAS GRANADOS;76062;150005;EQUIPO EN BUEN ESTADO.
2026-08-21;LAPTOP;60003;INVESTIGACIONES ESPECIALES;COMPLEJO FGR;KAREN ELIZABETH VASQUEZ RAMOS;76063;150008;EQUIPO EN BUEN ESTADO
2026-08-28;LAPTOP;60003;SUBDIRECCION CONTRA LA CRIMINALIDAD ORGANIZADA, EEI3;COMPLEJO FGR;JUAN FRANCISCO REYES MARTINEZ;76064;150008;EQUIPO EN BUEN ESTADO
2026-08-17;LAPTOP;60003;UNIDAD DE INVESTIGACIONES ESPECIALES ;COMPLEJO FGR;OSCAR ADIEL CHAVEZ ARGUETA;76065;150006;EQUIPO EN BUEN ESTADO
2026-08-26;LAPTOP;60003;ELA;COMPLEJO FGR;FRANCISCO MUÑOZ;76066;150009;EQUIPO EM BUEN ESTADO
2026-08-19;LAPTOP;60003;UNIDAD ESPECIALIZADA CONTRA LAVADO DE ACTIVOS;COMPLEJO FGR;JOSE RENE;76068;150006;PRESENTA PEQUEÑOS RAYONES Y RESTO DE GRAPAS 
2026-08-18;LAPTOP;60003;ESPECIALIZADA CONTRA LAVADO DE ACTIVOS;COMPLEJO FGR;VILMA MEJIA;76069;150008;EQUIPO EN BUEN ESTADO
2026-08-19;LAPTOP;60003;UNIDAD ESPECIALIZADA CONTRA LAVADO DE ACTIVOS;COMPLEJO FGR;CRISTIAN LOPEZ LOVATO;76070;150008;EQUIPO EN BUEN ESTADO
2026-08-18;LAPTOP;60003;CENTRO DE LAVADO DE ACTIVOS;COMPLEJO FGR;RODRIGO ABRAHAM JIMENEZ ;76071;150008;EQUIPO EN BUEN ESTADO.
2026-08-17;LAPTOP;60003;ESPECIALIZADA EXTINCIÓN DE DOMINIO ;COMPLEJO FGR;ANGEL GUSTAVO FLORES;76073;150009;EQUIPO EN BUEN ESTADO 
2026-08-20;LAPTOP;60003;ESPECIALIZADA EN EXTINCION DE DOMINIO;COMPLEJO FGR;NELLY GUTIEREZ SOTO;76074;150007;EQUIPO EN BUEN ESTADO
2026-08-18;LAPTOP;60003;EXTENCION DE DOMINIO;COMPLEJO FGR;FRANKLIN AMAYA;76075;150009;EQUIPO EN BUEN ESTADO.
2026-08-20;LAPTOP;60003;ESPECIALIZADA EN EXTINCION DE DOMINIO;COMPLEJO FGR;JOSE HERIBERTO HENRIQUEZ AYALA;76077;150005;EQUIPO EN BUEN ESTADO
2026-08-18;LAPTOP;60003;INVESTIGACIONES ESPECIALES;COMPLEJO FGR;KARLA YESENIA CRUZ MEJIA;76078;150008;EQUIPO EN BUEN ESTADO.
2026-08-18;LAPTOP;60003;UFEED;COMPLEJO FGR;MARIA EDUVIGES HERRERA;76079;150005;EQUIPO EN BUEN ESTADO
2026-08-17;LAPTOP;60003;ESPECIALIZADA EN EXTENCION DE DOMINIO;COMPLEJO FGR;KARLA MILENY RIVAS;76080;150009;EQUIPO EN BUEN ESTADO
2026-08-19;LAPTOP;60003;UNIDAD ESPECIALIZADA CONTRA LAVADO DE ACTIVOS;COMPLEJO FGR;ROXANA JENNIFER JIMENEZ;76081;150008;EQUIPO EN BUEN ESTADO
2026-09-24;LAPTOP;60003;UNIDAD DE INVESTIGACIÓN DE ESTRUCTURAS;COMPLEJO FGR;SAMUEL ENRIQUE MEJIA AMADO;76083;150008;EQUIPO EN BUEN ESTADO
2026-08-20;LAPTOP;60003;ESPECIALIZADA CONTRA EL LAVADO DE ACTIVOS;COMPLEJO FGR;YOHANA TERESA RIVAS RAMIREZ;76084;150006;EQUIPO EN BUEN ESTADO
2026-08-26;LAPTOP;60003;UNIDAD ESPECIALIZDA CONTRA EL LAVADO DE ACTIVOS;COMPLEJO FGR;MELINA JIMENEZ LOPEZ;76085;150005;EQUIPO EN BUEN ESTADO.
2026-08-19;LAPTOP;60003;INVESTIGACIONES ESPECIALES;COMPLEJO FGR;KENIA ENALIA DEL CID CANCAMO;76087;150005;EQUIPO EN BUEN ESTADO
2026-08-20;LAPTOP;60003;ESPECIALIZADA CONTRA EL LAVADO DE ACTIVOS;COMPLEJO FGR;;76088;150009;EQUIPO EN BUEN ESTADO
2026-08-31;LAPTOP;60003;SUBDIRECCION CONTRA LA CRIMINALIDAD ORGANIZADA;COMPLEJO FGR;MARTA CECILIA FLORES;76090;150007;EQUIPO EN BUEN ESTADO
2026-08-17;LAPTOP;60003;ESPECIALIZADA DELITOS DE CORRUPCION;COMPLEJO FGR;DIEGO ERNESTO POZO;76091;150006;EQUIPO EN BUEN ESTADO 
2026-08-20;LAPTOP;60003;ESPECIALIZADA EN EXTINCION DE DOMINIO;COMPLEJO FGR;NELSON ANTONIO CASTRO IZQUIERDO;76092;150006;EQUIPO EN BUEN ESTADO
2026-08-17;LAPTOP;60003;ESPECIALIZADA DELITOS DE CORRUPCION;COMPLEJO FGR;BETZABE MELARA VASQUEZ ;76093;150008;EQUIPO EN BUEN ESTADO 
2026-08-17;LAPTOP;60003;ESPECIALIZADA EXTINCIÓN DE DOMINIO ;COMPLEJO FGR;OLGA LARISA RODRÍGUEZ ;76094;150008;EQUIPO EN BUEN ESTADO 
2026-08-17;LAPTOP;60003;ESPECIALIZADA DELITOS CORRUPCION;COMPLEJO FGR;CAROLINA SERNA CARRANZA;76095;150005;EQUIPO EN BUEN ESTADO
2026-08-18;LAPTOP;60003;DELITOS DE CORRUPCION;COMPLEJO FGR;SUSANA IVETT PORTILLO AYALA;76096;150007;EQUIPO EN BUEN ESTADO.
2026-08-18;LAPTOP;60003;DELITOS DE CORRUPCION;COMPLEJO FGR;KATTIA SANCHEZ PINEDA ;76098;150009;EQUIPO EN BUEN ESTADO.
2026-08-19;LAPTOP;60003;UNIDAD FISCAL ESPECIALIZADA EN EXTINCION DE DOMINIO ;COMPLEJO FGR;DIANA ESTELA AGARO MANGANO;76099;150007;EQUIPO EN BUEN ESTADO
2026-08-19;LAPTOP;60003;UNIDAD FISCAL ESPECIALIZADA EN EXTINCION DE DOMINIO ;COMPLEJO FGR;ARMANDO JOSE CASTILLO;76100;150009;EQUIPO EN BUEN ESTADO
2026-08-18;LAPTOP;60003;EXTENCION DE DOMINIO;COMPLEJO FGR;SARAI BETHSALVE CHICAS CUBIAS;76101;150009;EQUIPO EN BUEN ESTADO
2026-08-18;LAPTOP;60003;EXTENCION DE DOMINIO;COMPLEJO FGR;RODRIGO ERNESTO CONTRERAS;76103;150009;EQUIPO EN BUEN ESTADO
2026-08-20;LAPTOP;60003;ESPECIALIZADA CONTRA EL LAVADO DE ACTIVOS;COMPLEJO FGR;RAFAEL ORLANDO SANTOS PINEDA;76104;150007;EQUIPO EN BUEN ESTADO
2026-08-25;LAPTOP;60003;ESPECIALIZACION EN DELITOS DE CORRUPCION;COMPLEJO FGR;JIMENA ALEJANDRA MARTINEZ;76105;150007;EQUIPO EN BUEN ESTADO
2026-08-26;LAPTOP;60003;ELA (ARGOZ);COMPLEJO FGR;DIEGO FERNANDO RAMOS FLORES;76106;150007;EQUIPO EN BUEN ESTADO
2026-08-18;LAPTOP;60003;ESPECIALIZADA EN EXTENCION DE DOMINIO ;COMPLEJO FGR;SANDRA YESENIA ACEVEDO DE SANCHEZ;76107;150006;EQUIPO EN BUEN ESTADO.
2026-08-19;LAPTOP;60003;ESPECIALIZADA EN DELITOS DE CORRUPCION;COMPLEJO FGR;EDGAR ISAAC MAYEN SANDOVAL;76108;150006;EQUIPO EN BUEN ESTADO
2026-08-17;LAPTOP;60003;ESPECIALIZADA DELITOS DE CORRUPCION;COMPLEJO FGR;JOSE RICARDO LOPEZ ALAS;76109;150008;PRESENTO RAYONES LEVES CARCASA DE LA LAPTOP
2026-08-19;LAPTOP;60003;ESPECIALIZADA EN DELITOS DE CORRUPCION;COMPLEJO FGR;DAISY GICELA CAMPOS BAUTISTA;76110;150006;EQUIPO EN BUEN ESTADO
2026-08-18;LAPTOP;60003;DELITS DE CORRUPCION;COMPLEJO FGR;FATIMA BEATRIZ CERROS;76111;150006;EQUIPO EN BUEN ESTADO
2026-08-18;LAPTOP;60003;EXTENCION DE DOMINIO;COMPLEJO FGR;DIANA ELIZABETH MARTINEZ LOPEZ;76112;150007;EQUIPO EN BUEN ESTADO.
2026-09-18;LAPTOP;60003;EXTENCION DE DOMINIO;COMPLEJO FGR;MARIA JOSE QUINTANILLA;76113;150007;EQUIPO EN BUEN ESTADO.
2026-08-18;LAPTOP;60003;EXTENCION DE DOMINIO;COMPLEJO FGR;GLENDA ESMERALDA MORALES PEÑA;76114;150006;EQUIPO EN BUEN ESTADO
2026-08-18;LAPTOP;60003;EXTENCION DE DOMINIO;COMPLEJO FGR;PATRICIA ESCOBAR;76117;150006;EQUIPO EN BUEN ESTADO
2026-08-21;LAPTOP;60003;INVESTIGACIONES ESPECIALES;COMPLEJO FGR;CARLOS RODRIGUEZ;76119;150009;EQUIPO EN BUEN ESTADO
2026-08-21;LAPTOP;60003;INVESTIGACIONES ESPECIALES.;COMPLEJO FGR;BRYAN SALMERON;76120;150005;EQUIPO EN BUEN ESTADO
2026-08-17;LAPTOP;60003;UNIDAD DE INVESTIGACIÓNES ESPECIALES;COMPLEJO FGR;MELVIN ARNALDO LICO MERCADO;76121;150007;EQUIPO BUEN ESTADO
2026-08-20;LAPTOP;60003;ESPECIALIZADA CONTRA EL LAVADO DE ACTIVOS;COMPLEJO FGR;ENMANUEL ADALBERTO RECINOS ;76122;150007;EQUIPO EN BUEN ESTADO
2026-08-20;LAPTOP;60003;ESPECIALIZADA CONTRA EL LAVADO DE ACTIVOS;COMPLEJO FGR;EMERSON ALEXANDER GUDIEL MAGAÑA;76124;150008;EQUIPO EN BUEN ESTADO
2026-08-21;LAPTOP;60003;ESPECIALIZADA CONTRA EL LAVADO DE ACTIVO;COMPLEJO FGR;LEOPOLDO DE JESUS QUINTANILLA ;76126;150006;EQUIPO EN BUEN ESTADO
2026-08-21;LAPTOP;60003;ESPECIALIZADA CONTRA EL LAVADO DE ACTIVOS;COMPLEJO FGR;JUAN CARLOS QUINTANILLA;76127;150009;EQUIPO EN BUEN ESTADO
2026-08-20;LAPTOP;60003;ESPECIALIZADA CONTRA EL LAVADO DE ACTIVOS;COMPLEJO FGR;FLOR DE MARIA CARRANZA VARGAS;76129;150008;EQUIPO EN BUEN ESTADO
2026-08-27;LAPTOP;60003;TRATA DE PERSONAS ;COMPLEJO FGR;LILIAN JEANNETH MARTINEZ;76131;150007;EQUIPO EN BUEN ESTADO
2026-08-17;LAPTOP;60003;UNIDAD DE INVESTIGACIONES ESPECIALES ;COMPLEJO FGR;MAGRO ALBERTO PANAMEÑO FUENTES;76132;150006;EQUIPO EN BUEN ESTADO
2026-08-21;LAPTOP;60003;INVESTIGACIONES ESPECIALES;COMPLEJO FGR;WILLAM ALEXANDER JUAREZ GAMEZ;76133;150007;EQUIPO EN BUEN ESTADO
2026-08-21;LAPTOP;60003;INVESTIGACIONES ESPECIALES;COMPLEJO FGR;JENNIFER TRUJILLO;76134;150009;EQUIPO EN BUEN ESTADO
2026-08-03;LAPTOP;60003;INVESTIGACIONES ESPECIALES;COMPLEJO FGR;KARN STEFANY MENDOZA PEREZ;76135;150008;EQUIPO EN BUEN ESTADO
2026-08-20;LAPTOP;60003;ESPECIALIZADA CONTRA EL LAVADO DE ACTIVOS;COMPLEJO FGR;ROSA KARLA MEJIA HERNRIQUEZ;76136;150006;EQUIPO EN BUEN ESTADO
2026-08-20;LAPTOP;60003;ESPECIALIZADA CONTRA EL LAVADO DE ACTIVOS;COMPLEJO FGR;ARELY DEL CARMEN GUZMAN DE MONICO;76138;150006;EQUIPO EN BUEN ESTADO
2026-08-20;LAPTOP;60003;ESPECIALIZADA CONTRA EL LAVADO DE ACTIVOS;COMPLEJO FGR;HILDA MARTA VILLANUEVA SOTO;76139;150005;EQUIPO EN BUEN ESTADO
2026-08-20;LAPTOP;60003;INVESTIGACIONES ESPECIALES;COMPLEJO FGR;WENDY DE ALVARENGA;76143;150009;EQUIPO EN BUEN ESTADO
2026-08-17;LAPTOP;60003;ESPECIALIZADA DELITOS DE CORRUPCION ;COMPLEJO FGR;BRENDA MELISSA PUENTES DE AVARCA ;76149;150005;EQUIPO EN BUEN ESTADO 
2026-08-21;LAPTOP;60003;ESPECIALIZADA CONTRA EL LAVADO DE ACTIVO;COMPLEJO FGR;SULMA MENDOZA;76150;150005;EQUIPO EN BUEN ESTADO
2026-08-20;LAPTOP;60003;ESPECIALIZADA EN EXTINCION DE DOMINIO;COMPLEJO FGR;NEFTALI ALEXANDER MELARA LANDAVERDE;76151;150006;EQUIPO EN BUEN ESTADO
2026-08-17;LAPTOP;60003;ESPECIALIZADA DELITOS DE CORRUPCION;COMPLEJO FGR;BRENDA MELISSA PUENTES DE AVARCA;76153;150008;EQUIPO EN BUEN ESTADO
2026-08-17;LAPTOP;60003;ESPECIALIZADA DELITOS DE CORRUPCION;COMPLEJO FGR;PAOLO ENRIQUE AMAYA;76155;150008;PRESENTO RAYONES LEVES EN EL MONITOR
2026-08-19;LAPTOP;60003;ESPECIALIZADA EN DELITOS DE CORRUPCION;COMPLEJO FGR;KELY MARIELA POCASANGRE LANDAVERDE;76156;150006;EQUIPO EN BUEN ESTADO
2026-08-31;ESCANER;60003;INVESTIGACIONES ESPECIALES;COMPLEJO FGR;BRANDON MUNTO;76863;150006;EQUIPO EN BUEN ESTADO,  FORMULARIO FIRMADO (BRANDO MUNTO) YA QUE ESTA ASIGANADO TEMPORALMENTE POR TAREAS ASIGNADA A CREDICASH
2026-09-24;ESCANER;60003;ADJUNTA PARA ASUNTOS INTERNACIONALES ;COMPLEJO FGR;GREDIS ELIZABETH SANTOS CARRANZA;76866;150006;EQUIPO EN BUEN ESTADO
2026-09-21;ESCANER;60003;REGISTRO Y CONTROL DE PERSONAL;COMPLEJO FGR;ADRIANA SOLANO;76868;60005;EQUIPO PRESENTO UNA GRAPA EN LA PARTE INTERIOR. EQUIPO EN BUEN ESTADO
2026-08-13;LAPTOP;60003;SECRETARIA DE COMUNICACION ESTRATEGICA;COMPLEJO FGR;LORNA DEL CARMEN ESCOBAR;77294;150007;EQUIPO EN BUEN ESTADO 
2026-08-13;LAPTOP;60003;PRENSA;COMPLEJO FGR;VICTOR HERNANDEZ;77295;150008;EQUIPO EN BUEN ESTADO
2026-09-29;LAPTOP;60003;DEPARTAMENTO DE PRENSA ;COMPLEJO FGR;GERSOM CHAVEZ;77296;150009;EQUIPO EN BUEN ESTADO 
2026-08-13;LAPTOP;60003;PRENSA;COMPLEJO FGR;DAVID EDGARDO CAÑENGUEZ ORELLANA;77307;150007;EQUIPO EN BUEN ESTADO
2026-08-14;LAPTOP;60003;AUDITORIA INTERNA ;COMPLEJO FGR;CARLOS ARMANDO HERNANDEZ ALVARENGA;77316;150009;EQUIPO EN BUEN ESTADO
2026-08-14;LAPTOP;60003;AUDITORIA INTERNA ;COMPLEJO FGR;TERESA DE JESÚS LEÓN DE RODRIGUEZ;77317;150008;EQUIPO EN BUEN ESTADO 
2026-08-24;LAPTOP;60003;GESTION DE CONTRATOS DE SERVICIOS;COMPLEJO FGR;RAQUEL VANESSA CASTRO LOPEZ;77319;150006;EQUIPO EN BUEN ESTADO
2026-07-31;LAPTOP;60003;;COMPLEJO FGR;JULIO ALBERTO MONTERROSA;77320;150009;EQUIPO EN BUEN ESTADO
2026-09-11;LAPTOP;60003;PLANIFICACIÓN Y PROYECTOS ;COMPLEJO FGR;SERGIO CUENCA ;77321;150009;EQUIPO EN BUEN ESTADO 
2026-08-24;LAPTOP;60003;GERENCIA DE ADMINISTRACION;COMPLEJO FGR;SARA FERNANDA RAMOS;77322;150008;EQUIPO EN BUEN ESTADO
2026-09-02;LAPTOP;60003;SUBGERENCIA DE CONTABILIDAD;COMPLEJO FGR;PATRICIA YANET GARCIA DE CAMPOS;77323;150006;EQUIPO EN BUEN ESTADO
2026-08-28;ESCANER;60003;INVESTIGACIONES ESPECIALES;COMPLEJO FGR;MAGNO ALBERTO PANAMEÑO FUENTES ;77346;150009;EQUIPO EN BUEN ESTADO.
2026-08-28;ESCANER;60003;INVESTIGACIONES ESPECIALES;COMPLEJO FGR;BRANDON MUNTO;77347;150009;SE ENCONTRO GRAPAS AL INTERIOR DEL EQUIPO.
2026-08-28;ESCANER;60003;INVESTIGACIONES ESPECIALES;COMPLEJO FGR;BRANDON MUNTO;77348;150009;EQUIPO EN BUEN ESTADO. NOTA: FORMULARIO FIRMADO POR [NOMBRE DEL USUARIO], YA QUE ESTÁ ASIGNADO TEMPORALMENTE POR TAREA ASIGNADA A CREDICASH
2026-08-28;ESCANER;60003;INVESTIGACIONES ESPECIALES;COMPLEJO FGR;BRANDON MUNTO;77349;150006;EQUIPO BUEN ESTADO,  FORMULARIO FIRMADO POR (BRANDO MUNTO) YA QUE ESTA ASIGANADO TEMPORALMENTE POR TAREAS ASIGNADA A CREDICASH
2026-08-28;ESCANER;60003;INVESTIGACIONES ESPECIALES;COMPLEJO FGR;BRANDON MUNTO ;77350;150006;EQUIPO EN BUEN ESTADO,FORMULARIO FIRMADO POR BRANDON MUNTO, YA QUE ESTA ASIGNADO TEMPORALMENTE POR TAREA ASIGNADA A CREDICASH.
2026-08-21;LAPTOP;60003;ACTIVO FIJO;COMPLEJO FGR;ROCIO GUEVARA;77378;150007;EQUIPO EN BUEN ESTADO
2026-08-20;LAPTOP;60003;CENTRO NACIONAL ANTICORRUPCION;COMPLEJO FGR;DOUGLAS FRANCISCO MARTINEZ MORALES;77453;150008;EQUIPO EN BUEN ESTADO
2026-08-11;LAPTOP;60003;GERENCIA DE INNOVACIÓN Y TECNOLOGÍA ;COMPLEJO FGR;CESAR IVÁN MARTÍNEZ ;77458;150009;EQUIPO EN BUEN ESTADO 
2026-08-11;LAPTOP;60003;GERENCIA DE INNOVACIÓN Y TECNOLOGÍA ;COMPLEJO FGR;ROMBERTO SALVADOR, CONTRERAS MAGAÑA ;77459;150006;EQUIPO EN BUEN ESTADO 
2026-08-11;LAPTOP;60003;GERENCIA DE INNOVACION Y TECNOLOGIA;COMPLEJO FGR;CARLOS ANTONIO ESTRADA DURAN;77461;150009;EQUIPO EN BUEN ESTADO
2026-08-13;LAPTOP;60003;DEPARTAMENTO DE COMUNICACION INTERNA;COMPLEJO FGR;RENE ALBERTO MARTINEZ NAVARRETE;77543;150007;EQUIPO EN BUEN ESTADO
2026-09-28;LAPTOP;60003;CONTRATO DEL ESTADO ;COMPLEJO FGR;DAYSE GUADALUPE REYES;610841;150009;EQUIPO EN BUEN ESTADO 
2026-08-20;LAPTOP;60003;ESPECIAIZADA EN DELITOS DE CORRUPCION;COMPLEJO FGR;MAYRA CAROLINA CHICAS PAZ;761116;150009;EQUIPO EN BUEN ESTADO
